{"0-251-501-1x1-253-505-1x2-0-21-0":{"factor":0.02650779115088347,"meta":{"2":{"dim":2,"start":0,"zmlevel":0,"end":21},"1":{"dim":1,"start":253,"zmlevel":1,"end":505},"0":{"dim":0,"start":251,"zmlevel":1,"end":501}}},"0-0-250-1x1-0-252-1x2-0-21-0":{"factor":0.02650779115088347,"meta":{"2":{"dim":2,"start":0,"zmlevel":0,"end":21},"1":{"dim":1,"start":0,"zmlevel":1,"end":252},"0":{"dim":0,"start":0,"zmlevel":1,"end":250}}},"globalMinProj":{"0x1":1},"0-0-250-1x1-253-505-1x2-0-21-0":{"factor":0.02650779115088347,"meta":{"2":{"dim":2,"start":0,"zmlevel":0,"end":21},"1":{"dim":1,"start":253,"zmlevel":1,"end":505},"0":{"dim":0,"start":0,"zmlevel":1,"end":250}}},"0-251-501-1x1-0-252-1x2-0-21-0":{"factor":0.02650779115088347,"meta":{"2":{"dim":2,"start":0,"zmlevel":0,"end":21},"1":{"dim":1,"start":0,"zmlevel":1,"end":252},"0":{"dim":0,"start":251,"zmlevel":1,"end":501}}},"globalMaxProj":{"0x1":48388805}}