{"0-753-1003-4x1-2024-2276-4x2-0-21-0":{"factor":0.364486293179682,"meta":{"2":{"dim":2,"start":0,"zmlevel":0,"end":21},"1":{"dim":1,"start":2024,"zmlevel":4,"end":2276},"0":{"dim":0,"start":753,"zmlevel":4,"end":1003}}},"0-1255-1505-4x1-1012-1264-4x2-0-21-0":{"factor":0.364486293179682,"meta":{"2":{"dim":2,"start":0,"zmlevel":0,"end":21},"1":{"dim":1,"start":1012,"zmlevel":4,"end":1264},"0":{"dim":0,"start":1255,"zmlevel":4,"end":1505}}},"0-1255-1505-4x1-3542-3794-4x2-0-21-0":{"factor":0.364486293179682,"meta":{"2":{"dim":2,"start":0,"zmlevel":0,"end":21},"1":{"dim":1,"start":3542,"zmlevel":4,"end":3794},"0":{"dim":0,"start":1255,"zmlevel":4,"end":1505}}},"0-0-250-4x1-253-505-4x2-0-21-0":{"factor":0.364486293179682,"meta":{"2":{"dim":2,"start":0,"zmlevel":0,"end":21},"1":{"dim":1,"start":253,"zmlevel":4,"end":505},"0":{"dim":0,"start":0,"zmlevel":4,"end":250}}},"0-3263-3513-4x1-2530-2782-4x2-0-21-0":{"factor":0.364486293179682,"meta":{"2":{"dim":2,"start":0,"zmlevel":0,"end":21},"1":{"dim":1,"start":2530,"zmlevel":4,"end":2782},"0":{"dim":0,"start":3263,"zmlevel":4,"end":3513}}},"0-251-501-4x1-1265-1517-4x2-0-21-0":{"factor":0.364486293179682,"meta":{"2":{"dim":2,"start":0,"zmlevel":0,"end":21},"1":{"dim":1,"start":1265,"zmlevel":4,"end":1517},"0":{"dim":0,"start":251,"zmlevel":4,"end":501}}},"0-251-501-4x1-759-1011-4x2-0-21-0":{"factor":0.364486293179682,"meta":{"2":{"dim":2,"start":0,"zmlevel":0,"end":21},"1":{"dim":1,"start":759,"zmlevel":4,"end":1011},"0":{"dim":0,"start":251,"zmlevel":4,"end":501}}},"0-3012-3262-4x1-253-505-4x2-0-21-0":{"factor":0.364486293179682,"meta":{"2":{"dim":2,"start":0,"zmlevel":0,"end":21},"1":{"dim":1,"start":253,"zmlevel":4,"end":505},"0":{"dim":0,"start":3012,"zmlevel":4,"end":3262}}},"0-3263-3513-4x1-2277-2529-4x2-0-21-0":{"factor":0.364486293179682,"meta":{"2":{"dim":2,"start":0,"zmlevel":0,"end":21},"1":{"dim":1,"start":2277,"zmlevel":4,"end":2529},"0":{"dim":0,"start":3263,"zmlevel":4,"end":3513}}},"0-2510-2760-4x1-506-758-4x2-0-21-0":{"factor":0.364486293179682,"meta":{"2":{"dim":2,"start":0,"zmlevel":0,"end":21},"1":{"dim":1,"start":506,"zmlevel":4,"end":758},"0":{"dim":0,"start":2510,"zmlevel":4,"end":2760}}},"0-0-250-4x1-506-758-4x2-0-21-0":{"factor":0.364486293179682,"meta":{"2":{"dim":2,"start":0,"zmlevel":0,"end":21},"1":{"dim":1,"start":506,"zmlevel":4,"end":758},"0":{"dim":0,"start":0,"zmlevel":4,"end":250}}},"0-502-752-4x1-1012-1264-4x2-0-21-0":{"factor":0.364486293179682,"meta":{"2":{"dim":2,"start":0,"zmlevel":0,"end":21},"1":{"dim":1,"start":1012,"zmlevel":4,"end":1264},"0":{"dim":0,"start":502,"zmlevel":4,"end":752}}},"0-3012-3262-4x1-2024-2276-4x2-0-21-0":{"factor":0.364486293179682,"meta":{"2":{"dim":2,"start":0,"zmlevel":0,"end":21},"1":{"dim":1,"start":2024,"zmlevel":4,"end":2276},"0":{"dim":0,"start":3012,"zmlevel":4,"end":3262}}},"0-0-250-4x1-1012-1264-4x2-0-21-0":{"factor":0.364486293179682,"meta":{"2":{"dim":2,"start":0,"zmlevel":0,"end":21},"1":{"dim":1,"start":1012,"zmlevel":4,"end":1264},"0":{"dim":0,"start":0,"zmlevel":4,"end":250}}},"0-1004-1254-4x1-2277-2529-4x2-0-21-0":{"factor":0.364486293179682,"meta":{"2":{"dim":2,"start":0,"zmlevel":0,"end":21},"1":{"dim":1,"start":2277,"zmlevel":4,"end":2529},"0":{"dim":0,"start":1004,"zmlevel":4,"end":1254}}},"0-3765-4015-4x1-759-1011-4x2-0-21-0":{"factor":0.364486293179682,"meta":{"2":{"dim":2,"start":0,"zmlevel":0,"end":21},"1":{"dim":1,"start":759,"zmlevel":4,"end":1011},"0":{"dim":0,"start":3765,"zmlevel":4,"end":4015}}},"0-1004-1254-4x1-506-758-4x2-0-21-0":{"factor":0.364486293179682,"meta":{"2":{"dim":2,"start":0,"zmlevel":0,"end":21},"1":{"dim":1,"start":506,"zmlevel":4,"end":758},"0":{"dim":0,"start":1004,"zmlevel":4,"end":1254}}},"0-2510-2760-4x1-3795-4047-4x2-0-21-0":{"factor":0.364486293179682,"meta":{"2":{"dim":2,"start":0,"zmlevel":0,"end":21},"1":{"dim":1,"start":3795,"zmlevel":4,"end":4047},"0":{"dim":0,"start":2510,"zmlevel":4,"end":2760}}},"0-2510-2760-4x1-0-252-4x2-0-21-0":{"factor":0.364486293179682,"meta":{"2":{"dim":2,"start":0,"zmlevel":0,"end":21},"1":{"dim":1,"start":0,"zmlevel":4,"end":252},"0":{"dim":0,"start":2510,"zmlevel":4,"end":2760}}},"0-2510-2760-4x1-3542-3794-4x2-0-21-0":{"factor":0.364486293179682,"meta":{"2":{"dim":2,"start":0,"zmlevel":0,"end":21},"1":{"dim":1,"start":3542,"zmlevel":4,"end":3794},"0":{"dim":0,"start":2510,"zmlevel":4,"end":2760}}},"0-2259-2509-4x1-1771-2023-4x2-0-21-0":{"factor":0.364486293179682,"meta":{"2":{"dim":2,"start":0,"zmlevel":0,"end":21},"1":{"dim":1,"start":1771,"zmlevel":4,"end":2023},"0":{"dim":0,"start":2259,"zmlevel":4,"end":2509}}},"0-2510-2760-4x1-3036-3288-4x2-0-21-0":{"factor":0.364486293179682,"meta":{"2":{"dim":2,"start":0,"zmlevel":0,"end":21},"1":{"dim":1,"start":3036,"zmlevel":4,"end":3288},"0":{"dim":0,"start":2510,"zmlevel":4,"end":2760}}},"0-2008-2258-4x1-1771-2023-4x2-0-21-0":{"factor":0.364486293179682,"meta":{"2":{"dim":2,"start":0,"zmlevel":0,"end":21},"1":{"dim":1,"start":1771,"zmlevel":4,"end":2023},"0":{"dim":0,"start":2008,"zmlevel":4,"end":2258}}},"0-1506-1756-4x1-3795-4047-4x2-0-21-0":{"factor":0.364486293179682,"meta":{"2":{"dim":2,"start":0,"zmlevel":0,"end":21},"1":{"dim":1,"start":3795,"zmlevel":4,"end":4047},"0":{"dim":0,"start":1506,"zmlevel":4,"end":1756}}},"0-2259-2509-4x1-1518-1770-4x2-0-21-0":{"factor":0.364486293179682,"meta":{"2":{"dim":2,"start":0,"zmlevel":0,"end":21},"1":{"dim":1,"start":1518,"zmlevel":4,"end":1770},"0":{"dim":0,"start":2259,"zmlevel":4,"end":2509}}},"0-3514-3764-4x1-1771-2023-4x2-0-21-0":{"factor":0.364486293179682,"meta":{"2":{"dim":2,"start":0,"zmlevel":0,"end":21},"1":{"dim":1,"start":1771,"zmlevel":4,"end":2023},"0":{"dim":0,"start":3514,"zmlevel":4,"end":3764}}},"0-1004-1254-4x1-1771-2023-4x2-0-21-0":{"factor":0.364486293179682,"meta":{"2":{"dim":2,"start":0,"zmlevel":0,"end":21},"1":{"dim":1,"start":1771,"zmlevel":4,"end":2023},"0":{"dim":0,"start":1004,"zmlevel":4,"end":1254}}},"0-3012-3262-4x1-1518-1770-4x2-0-21-0":{"factor":0.364486293179682,"meta":{"2":{"dim":2,"start":0,"zmlevel":0,"end":21},"1":{"dim":1,"start":1518,"zmlevel":4,"end":1770},"0":{"dim":0,"start":3012,"zmlevel":4,"end":3262}}},"0-2008-2258-4x1-0-252-4x2-0-21-0":{"factor":0.364486293179682,"meta":{"2":{"dim":2,"start":0,"zmlevel":0,"end":21},"1":{"dim":1,"start":0,"zmlevel":4,"end":252},"0":{"dim":0,"start":2008,"zmlevel":4,"end":2258}}},"0-1757-2007-4x1-0-252-4x2-0-21-0":{"factor":0.364486293179682,"meta":{"2":{"dim":2,"start":0,"zmlevel":0,"end":21},"1":{"dim":1,"start":0,"zmlevel":4,"end":252},"0":{"dim":0,"start":1757,"zmlevel":4,"end":2007}}},"0-1757-2007-4x1-253-505-4x2-0-21-0":{"factor":0.364486293179682,"meta":{"2":{"dim":2,"start":0,"zmlevel":0,"end":21},"1":{"dim":1,"start":253,"zmlevel":4,"end":505},"0":{"dim":0,"start":1757,"zmlevel":4,"end":2007}}},"0-753-1003-4x1-506-758-4x2-0-21-0":{"factor":0.364486293179682,"meta":{"2":{"dim":2,"start":0,"zmlevel":0,"end":21},"1":{"dim":1,"start":506,"zmlevel":4,"end":758},"0":{"dim":0,"start":753,"zmlevel":4,"end":1003}}},"0-1004-1254-4x1-3289-3541-4x2-0-21-0":{"factor":0.364486293179682,"meta":{"2":{"dim":2,"start":0,"zmlevel":0,"end":21},"1":{"dim":1,"start":3289,"zmlevel":4,"end":3541},"0":{"dim":0,"start":1004,"zmlevel":4,"end":1254}}},"0-3514-3764-4x1-3542-3794-4x2-0-21-0":{"factor":0.364486293179682,"meta":{"2":{"dim":2,"start":0,"zmlevel":0,"end":21},"1":{"dim":1,"start":3542,"zmlevel":4,"end":3794},"0":{"dim":0,"start":3514,"zmlevel":4,"end":3764}}},"0-0-250-4x1-3795-4047-4x2-0-21-0":{"factor":0.364486293179682,"meta":{"2":{"dim":2,"start":0,"zmlevel":0,"end":21},"1":{"dim":1,"start":3795,"zmlevel":4,"end":4047},"0":{"dim":0,"start":0,"zmlevel":4,"end":250}}},"0-0-250-4x1-2783-3035-4x2-0-21-0":{"factor":0.364486293179682,"meta":{"2":{"dim":2,"start":0,"zmlevel":0,"end":21},"1":{"dim":1,"start":2783,"zmlevel":4,"end":3035},"0":{"dim":0,"start":0,"zmlevel":4,"end":250}}},"0-1255-1505-4x1-506-758-4x2-0-21-0":{"factor":0.364486293179682,"meta":{"2":{"dim":2,"start":0,"zmlevel":0,"end":21},"1":{"dim":1,"start":506,"zmlevel":4,"end":758},"0":{"dim":0,"start":1255,"zmlevel":4,"end":1505}}},"0-0-250-4x1-3289-3541-4x2-0-21-0":{"factor":0.364486293179682,"meta":{"2":{"dim":2,"start":0,"zmlevel":0,"end":21},"1":{"dim":1,"start":3289,"zmlevel":4,"end":3541},"0":{"dim":0,"start":0,"zmlevel":4,"end":250}}},"0-753-1003-4x1-1771-2023-4x2-0-21-0":{"factor":0.364486293179682,"meta":{"2":{"dim":2,"start":0,"zmlevel":0,"end":21},"1":{"dim":1,"start":1771,"zmlevel":4,"end":2023},"0":{"dim":0,"start":753,"zmlevel":4,"end":1003}}},"0-3765-4015-4x1-2024-2276-4x2-0-21-0":{"factor":0.364486293179682,"meta":{"2":{"dim":2,"start":0,"zmlevel":0,"end":21},"1":{"dim":1,"start":2024,"zmlevel":4,"end":2276},"0":{"dim":0,"start":3765,"zmlevel":4,"end":4015}}},"0-3263-3513-4x1-759-1011-4x2-0-21-0":{"factor":0.364486293179682,"meta":{"2":{"dim":2,"start":0,"zmlevel":0,"end":21},"1":{"dim":1,"start":759,"zmlevel":4,"end":1011},"0":{"dim":0,"start":3263,"zmlevel":4,"end":3513}}},"0-2761-3011-4x1-253-505-4x2-0-21-0":{"factor":0.364486293179682,"meta":{"2":{"dim":2,"start":0,"zmlevel":0,"end":21},"1":{"dim":1,"start":253,"zmlevel":4,"end":505},"0":{"dim":0,"start":2761,"zmlevel":4,"end":3011}}},"0-753-1003-4x1-253-505-4x2-0-21-0":{"factor":0.364486293179682,"meta":{"2":{"dim":2,"start":0,"zmlevel":0,"end":21},"1":{"dim":1,"start":253,"zmlevel":4,"end":505},"0":{"dim":0,"start":753,"zmlevel":4,"end":1003}}},"0-2008-2258-4x1-3542-3794-4x2-0-21-0":{"factor":0.364486293179682,"meta":{"2":{"dim":2,"start":0,"zmlevel":0,"end":21},"1":{"dim":1,"start":3542,"zmlevel":4,"end":3794},"0":{"dim":0,"start":2008,"zmlevel":4,"end":2258}}},"0-2008-2258-4x1-506-758-4x2-0-21-0":{"factor":0.364486293179682,"meta":{"2":{"dim":2,"start":0,"zmlevel":0,"end":21},"1":{"dim":1,"start":506,"zmlevel":4,"end":758},"0":{"dim":0,"start":2008,"zmlevel":4,"end":2258}}},"0-3765-4015-4x1-1771-2023-4x2-0-21-0":{"factor":0.364486293179682,"meta":{"2":{"dim":2,"start":0,"zmlevel":0,"end":21},"1":{"dim":1,"start":1771,"zmlevel":4,"end":2023},"0":{"dim":0,"start":3765,"zmlevel":4,"end":4015}}},"0-2761-3011-4x1-3795-4047-4x2-0-21-0":{"factor":0.364486293179682,"meta":{"2":{"dim":2,"start":0,"zmlevel":0,"end":21},"1":{"dim":1,"start":3795,"zmlevel":4,"end":4047},"0":{"dim":0,"start":2761,"zmlevel":4,"end":3011}}},"0-3765-4015-4x1-253-505-4x2-0-21-0":{"factor":0.364486293179682,"meta":{"2":{"dim":2,"start":0,"zmlevel":0,"end":21},"1":{"dim":1,"start":253,"zmlevel":4,"end":505},"0":{"dim":0,"start":3765,"zmlevel":4,"end":4015}}},"0-3765-4015-4x1-1265-1517-4x2-0-21-0":{"factor":0.364486293179682,"meta":{"2":{"dim":2,"start":0,"zmlevel":0,"end":21},"1":{"dim":1,"start":1265,"zmlevel":4,"end":1517},"0":{"dim":0,"start":3765,"zmlevel":4,"end":4015}}},"0-1255-1505-4x1-1771-2023-4x2-0-21-0":{"factor":0.364486293179682,"meta":{"2":{"dim":2,"start":0,"zmlevel":0,"end":21},"1":{"dim":1,"start":1771,"zmlevel":4,"end":2023},"0":{"dim":0,"start":1255,"zmlevel":4,"end":1505}}},"0-1255-1505-4x1-1265-1517-4x2-0-21-0":{"factor":0.364486293179682,"meta":{"2":{"dim":2,"start":0,"zmlevel":0,"end":21},"1":{"dim":1,"start":1265,"zmlevel":4,"end":1517},"0":{"dim":0,"start":1255,"zmlevel":4,"end":1505}}},"0-3514-3764-4x1-2277-2529-4x2-0-21-0":{"factor":0.364486293179682,"meta":{"2":{"dim":2,"start":0,"zmlevel":0,"end":21},"1":{"dim":1,"start":2277,"zmlevel":4,"end":2529},"0":{"dim":0,"start":3514,"zmlevel":4,"end":3764}}},"0-251-501-4x1-1012-1264-4x2-0-21-0":{"factor":0.364486293179682,"meta":{"2":{"dim":2,"start":0,"zmlevel":0,"end":21},"1":{"dim":1,"start":1012,"zmlevel":4,"end":1264},"0":{"dim":0,"start":251,"zmlevel":4,"end":501}}},"0-2510-2760-4x1-1771-2023-4x2-0-21-0":{"factor":0.364486293179682,"meta":{"2":{"dim":2,"start":0,"zmlevel":0,"end":21},"1":{"dim":1,"start":1771,"zmlevel":4,"end":2023},"0":{"dim":0,"start":2510,"zmlevel":4,"end":2760}}},"0-3514-3764-4x1-506-758-4x2-0-21-0":{"factor":0.364486293179682,"meta":{"2":{"dim":2,"start":0,"zmlevel":0,"end":21},"1":{"dim":1,"start":506,"zmlevel":4,"end":758},"0":{"dim":0,"start":3514,"zmlevel":4,"end":3764}}},"0-2259-2509-4x1-3795-4047-4x2-0-21-0":{"factor":0.364486293179682,"meta":{"2":{"dim":2,"start":0,"zmlevel":0,"end":21},"1":{"dim":1,"start":3795,"zmlevel":4,"end":4047},"0":{"dim":0,"start":2259,"zmlevel":4,"end":2509}}},"0-251-501-4x1-3542-3794-4x2-0-21-0":{"factor":0.364486293179682,"meta":{"2":{"dim":2,"start":0,"zmlevel":0,"end":21},"1":{"dim":1,"start":3542,"zmlevel":4,"end":3794},"0":{"dim":0,"start":251,"zmlevel":4,"end":501}}},"0-251-501-4x1-2530-2782-4x2-0-21-0":{"factor":0.364486293179682,"meta":{"2":{"dim":2,"start":0,"zmlevel":0,"end":21},"1":{"dim":1,"start":2530,"zmlevel":4,"end":2782},"0":{"dim":0,"start":251,"zmlevel":4,"end":501}}},"0-2761-3011-4x1-2783-3035-4x2-0-21-0":{"factor":0.364486293179682,"meta":{"2":{"dim":2,"start":0,"zmlevel":0,"end":21},"1":{"dim":1,"start":2783,"zmlevel":4,"end":3035},"0":{"dim":0,"start":2761,"zmlevel":4,"end":3011}}},"0-502-752-4x1-0-252-4x2-0-21-0":{"factor":0.364486293179682,"meta":{"2":{"dim":2,"start":0,"zmlevel":0,"end":21},"1":{"dim":1,"start":0,"zmlevel":4,"end":252},"0":{"dim":0,"start":502,"zmlevel":4,"end":752}}},"0-2008-2258-4x1-2024-2276-4x2-0-21-0":{"factor":0.364486293179682,"meta":{"2":{"dim":2,"start":0,"zmlevel":0,"end":21},"1":{"dim":1,"start":2024,"zmlevel":4,"end":2276},"0":{"dim":0,"start":2008,"zmlevel":4,"end":2258}}},"0-0-250-4x1-3542-3794-4x2-0-21-0":{"factor":0.364486293179682,"meta":{"2":{"dim":2,"start":0,"zmlevel":0,"end":21},"1":{"dim":1,"start":3542,"zmlevel":4,"end":3794},"0":{"dim":0,"start":0,"zmlevel":4,"end":250}}},"0-251-501-4x1-2277-2529-4x2-0-21-0":{"factor":0.364486293179682,"meta":{"2":{"dim":2,"start":0,"zmlevel":0,"end":21},"1":{"dim":1,"start":2277,"zmlevel":4,"end":2529},"0":{"dim":0,"start":251,"zmlevel":4,"end":501}}},"0-2510-2760-4x1-1265-1517-4x2-0-21-0":{"factor":0.364486293179682,"meta":{"2":{"dim":2,"start":0,"zmlevel":0,"end":21},"1":{"dim":1,"start":1265,"zmlevel":4,"end":1517},"0":{"dim":0,"start":2510,"zmlevel":4,"end":2760}}},"0-2259-2509-4x1-253-505-4x2-0-21-0":{"factor":0.364486293179682,"meta":{"2":{"dim":2,"start":0,"zmlevel":0,"end":21},"1":{"dim":1,"start":253,"zmlevel":4,"end":505},"0":{"dim":0,"start":2259,"zmlevel":4,"end":2509}}},"0-3765-4015-4x1-2530-2782-4x2-0-21-0":{"factor":0.364486293179682,"meta":{"2":{"dim":2,"start":0,"zmlevel":0,"end":21},"1":{"dim":1,"start":2530,"zmlevel":4,"end":2782},"0":{"dim":0,"start":3765,"zmlevel":4,"end":4015}}},"0-2761-3011-4x1-506-758-4x2-0-21-0":{"factor":0.364486293179682,"meta":{"2":{"dim":2,"start":0,"zmlevel":0,"end":21},"1":{"dim":1,"start":506,"zmlevel":4,"end":758},"0":{"dim":0,"start":2761,"zmlevel":4,"end":3011}}},"0-2761-3011-4x1-1518-1770-4x2-0-21-0":{"factor":0.364486293179682,"meta":{"2":{"dim":2,"start":0,"zmlevel":0,"end":21},"1":{"dim":1,"start":1518,"zmlevel":4,"end":1770},"0":{"dim":0,"start":2761,"zmlevel":4,"end":3011}}},"0-2259-2509-4x1-2277-2529-4x2-0-21-0":{"factor":0.364486293179682,"meta":{"2":{"dim":2,"start":0,"zmlevel":0,"end":21},"1":{"dim":1,"start":2277,"zmlevel":4,"end":2529},"0":{"dim":0,"start":2259,"zmlevel":4,"end":2509}}},"0-1757-2007-4x1-1771-2023-4x2-0-21-0":{"factor":0.364486293179682,"meta":{"2":{"dim":2,"start":0,"zmlevel":0,"end":21},"1":{"dim":1,"start":1771,"zmlevel":4,"end":2023},"0":{"dim":0,"start":1757,"zmlevel":4,"end":2007}}},"0-1255-1505-4x1-3036-3288-4x2-0-21-0":{"factor":0.364486293179682,"meta":{"2":{"dim":2,"start":0,"zmlevel":0,"end":21},"1":{"dim":1,"start":3036,"zmlevel":4,"end":3288},"0":{"dim":0,"start":1255,"zmlevel":4,"end":1505}}},"0-1255-1505-4x1-759-1011-4x2-0-21-0":{"factor":0.364486293179682,"meta":{"2":{"dim":2,"start":0,"zmlevel":0,"end":21},"1":{"dim":1,"start":759,"zmlevel":4,"end":1011},"0":{"dim":0,"start":1255,"zmlevel":4,"end":1505}}},"0-2259-2509-4x1-1012-1264-4x2-0-21-0":{"factor":0.364486293179682,"meta":{"2":{"dim":2,"start":0,"zmlevel":0,"end":21},"1":{"dim":1,"start":1012,"zmlevel":4,"end":1264},"0":{"dim":0,"start":2259,"zmlevel":4,"end":2509}}},"0-251-501-4x1-3036-3288-4x2-0-21-0":{"factor":0.364486293179682,"meta":{"2":{"dim":2,"start":0,"zmlevel":0,"end":21},"1":{"dim":1,"start":3036,"zmlevel":4,"end":3288},"0":{"dim":0,"start":251,"zmlevel":4,"end":501}}},"0-1004-1254-4x1-253-505-4x2-0-21-0":{"factor":0.364486293179682,"meta":{"2":{"dim":2,"start":0,"zmlevel":0,"end":21},"1":{"dim":1,"start":253,"zmlevel":4,"end":505},"0":{"dim":0,"start":1004,"zmlevel":4,"end":1254}}},"0-1757-2007-4x1-2277-2529-4x2-0-21-0":{"factor":0.364486293179682,"meta":{"2":{"dim":2,"start":0,"zmlevel":0,"end":21},"1":{"dim":1,"start":2277,"zmlevel":4,"end":2529},"0":{"dim":0,"start":1757,"zmlevel":4,"end":2007}}},"0-1004-1254-4x1-0-252-4x2-0-21-0":{"factor":0.364486293179682,"meta":{"2":{"dim":2,"start":0,"zmlevel":0,"end":21},"1":{"dim":1,"start":0,"zmlevel":4,"end":252},"0":{"dim":0,"start":1004,"zmlevel":4,"end":1254}}},"0-3012-3262-4x1-1771-2023-4x2-0-21-0":{"factor":0.364486293179682,"meta":{"2":{"dim":2,"start":0,"zmlevel":0,"end":21},"1":{"dim":1,"start":1771,"zmlevel":4,"end":2023},"0":{"dim":0,"start":3012,"zmlevel":4,"end":3262}}},"0-3765-4015-4x1-506-758-4x2-0-21-0":{"factor":0.364486293179682,"meta":{"2":{"dim":2,"start":0,"zmlevel":0,"end":21},"1":{"dim":1,"start":506,"zmlevel":4,"end":758},"0":{"dim":0,"start":3765,"zmlevel":4,"end":4015}}},"0-0-250-4x1-2024-2276-4x2-0-21-0":{"factor":0.364486293179682,"meta":{"2":{"dim":2,"start":0,"zmlevel":0,"end":21},"1":{"dim":1,"start":2024,"zmlevel":4,"end":2276},"0":{"dim":0,"start":0,"zmlevel":4,"end":250}}},"0-2761-3011-4x1-2024-2276-4x2-0-21-0":{"factor":0.364486293179682,"meta":{"2":{"dim":2,"start":0,"zmlevel":0,"end":21},"1":{"dim":1,"start":2024,"zmlevel":4,"end":2276},"0":{"dim":0,"start":2761,"zmlevel":4,"end":3011}}},"0-1757-2007-4x1-3289-3541-4x2-0-21-0":{"factor":0.364486293179682,"meta":{"2":{"dim":2,"start":0,"zmlevel":0,"end":21},"1":{"dim":1,"start":3289,"zmlevel":4,"end":3541},"0":{"dim":0,"start":1757,"zmlevel":4,"end":2007}}},"0-2761-3011-4x1-3542-3794-4x2-0-21-0":{"factor":0.364486293179682,"meta":{"2":{"dim":2,"start":0,"zmlevel":0,"end":21},"1":{"dim":1,"start":3542,"zmlevel":4,"end":3794},"0":{"dim":0,"start":2761,"zmlevel":4,"end":3011}}},"0-1506-1756-4x1-0-252-4x2-0-21-0":{"factor":0.364486293179682,"meta":{"2":{"dim":2,"start":0,"zmlevel":0,"end":21},"1":{"dim":1,"start":0,"zmlevel":4,"end":252},"0":{"dim":0,"start":1506,"zmlevel":4,"end":1756}}},"0-3514-3764-4x1-1012-1264-4x2-0-21-0":{"factor":0.364486293179682,"meta":{"2":{"dim":2,"start":0,"zmlevel":0,"end":21},"1":{"dim":1,"start":1012,"zmlevel":4,"end":1264},"0":{"dim":0,"start":3514,"zmlevel":4,"end":3764}}},"0-1506-1756-4x1-2024-2276-4x2-0-21-0":{"factor":0.364486293179682,"meta":{"2":{"dim":2,"start":0,"zmlevel":0,"end":21},"1":{"dim":1,"start":2024,"zmlevel":4,"end":2276},"0":{"dim":0,"start":1506,"zmlevel":4,"end":1756}}},"0-2008-2258-4x1-3795-4047-4x2-0-21-0":{"factor":0.364486293179682,"meta":{"2":{"dim":2,"start":0,"zmlevel":0,"end":21},"1":{"dim":1,"start":3795,"zmlevel":4,"end":4047},"0":{"dim":0,"start":2008,"zmlevel":4,"end":2258}}},"0-2510-2760-4x1-3289-3541-4x2-0-21-0":{"factor":0.364486293179682,"meta":{"2":{"dim":2,"start":0,"zmlevel":0,"end":21},"1":{"dim":1,"start":3289,"zmlevel":4,"end":3541},"0":{"dim":0,"start":2510,"zmlevel":4,"end":2760}}},"0-1506-1756-4x1-3036-3288-4x2-0-21-0":{"factor":0.364486293179682,"meta":{"2":{"dim":2,"start":0,"zmlevel":0,"end":21},"1":{"dim":1,"start":3036,"zmlevel":4,"end":3288},"0":{"dim":0,"start":1506,"zmlevel":4,"end":1756}}},"0-3012-3262-4x1-2783-3035-4x2-0-21-0":{"factor":0.364486293179682,"meta":{"2":{"dim":2,"start":0,"zmlevel":0,"end":21},"1":{"dim":1,"start":2783,"zmlevel":4,"end":3035},"0":{"dim":0,"start":3012,"zmlevel":4,"end":3262}}},"0-2008-2258-4x1-759-1011-4x2-0-21-0":{"factor":0.364486293179682,"meta":{"2":{"dim":2,"start":0,"zmlevel":0,"end":21},"1":{"dim":1,"start":759,"zmlevel":4,"end":1011},"0":{"dim":0,"start":2008,"zmlevel":4,"end":2258}}},"0-753-1003-4x1-2530-2782-4x2-0-21-0":{"factor":0.364486293179682,"meta":{"2":{"dim":2,"start":0,"zmlevel":0,"end":21},"1":{"dim":1,"start":2530,"zmlevel":4,"end":2782},"0":{"dim":0,"start":753,"zmlevel":4,"end":1003}}},"0-2761-3011-4x1-1265-1517-4x2-0-21-0":{"factor":0.364486293179682,"meta":{"2":{"dim":2,"start":0,"zmlevel":0,"end":21},"1":{"dim":1,"start":1265,"zmlevel":4,"end":1517},"0":{"dim":0,"start":2761,"zmlevel":4,"end":3011}}},"0-2259-2509-4x1-1265-1517-4x2-0-21-0":{"factor":0.364486293179682,"meta":{"2":{"dim":2,"start":0,"zmlevel":0,"end":21},"1":{"dim":1,"start":1265,"zmlevel":4,"end":1517},"0":{"dim":0,"start":2259,"zmlevel":4,"end":2509}}},"0-251-501-4x1-0-252-4x2-0-21-0":{"factor":0.364486293179682,"meta":{"2":{"dim":2,"start":0,"zmlevel":0,"end":21},"1":{"dim":1,"start":0,"zmlevel":4,"end":252},"0":{"dim":0,"start":251,"zmlevel":4,"end":501}}},"0-3765-4015-4x1-3289-3541-4x2-0-21-0":{"factor":0.364486293179682,"meta":{"2":{"dim":2,"start":0,"zmlevel":0,"end":21},"1":{"dim":1,"start":3289,"zmlevel":4,"end":3541},"0":{"dim":0,"start":3765,"zmlevel":4,"end":4015}}},"0-1255-1505-4x1-3795-4047-4x2-0-21-0":{"factor":0.364486293179682,"meta":{"2":{"dim":2,"start":0,"zmlevel":0,"end":21},"1":{"dim":1,"start":3795,"zmlevel":4,"end":4047},"0":{"dim":0,"start":1255,"zmlevel":4,"end":1505}}},"0-2761-3011-4x1-2530-2782-4x2-0-21-0":{"factor":0.364486293179682,"meta":{"2":{"dim":2,"start":0,"zmlevel":0,"end":21},"1":{"dim":1,"start":2530,"zmlevel":4,"end":2782},"0":{"dim":0,"start":2761,"zmlevel":4,"end":3011}}},"0-2008-2258-4x1-253-505-4x2-0-21-0":{"factor":0.364486293179682,"meta":{"2":{"dim":2,"start":0,"zmlevel":0,"end":21},"1":{"dim":1,"start":253,"zmlevel":4,"end":505},"0":{"dim":0,"start":2008,"zmlevel":4,"end":2258}}},"0-2761-3011-4x1-1771-2023-4x2-0-21-0":{"factor":0.364486293179682,"meta":{"2":{"dim":2,"start":0,"zmlevel":0,"end":21},"1":{"dim":1,"start":1771,"zmlevel":4,"end":2023},"0":{"dim":0,"start":2761,"zmlevel":4,"end":3011}}},"0-753-1003-4x1-3289-3541-4x2-0-21-0":{"factor":0.364486293179682,"meta":{"2":{"dim":2,"start":0,"zmlevel":0,"end":21},"1":{"dim":1,"start":3289,"zmlevel":4,"end":3541},"0":{"dim":0,"start":753,"zmlevel":4,"end":1003}}},"0-2008-2258-4x1-1265-1517-4x2-0-21-0":{"factor":0.364486293179682,"meta":{"2":{"dim":2,"start":0,"zmlevel":0,"end":21},"1":{"dim":1,"start":1265,"zmlevel":4,"end":1517},"0":{"dim":0,"start":2008,"zmlevel":4,"end":2258}}},"0-0-250-4x1-1771-2023-4x2-0-21-0":{"factor":0.364486293179682,"meta":{"2":{"dim":2,"start":0,"zmlevel":0,"end":21},"1":{"dim":1,"start":1771,"zmlevel":4,"end":2023},"0":{"dim":0,"start":0,"zmlevel":4,"end":250}}},"0-2008-2258-4x1-3036-3288-4x2-0-21-0":{"factor":0.364486293179682,"meta":{"2":{"dim":2,"start":0,"zmlevel":0,"end":21},"1":{"dim":1,"start":3036,"zmlevel":4,"end":3288},"0":{"dim":0,"start":2008,"zmlevel":4,"end":2258}}},"0-3012-3262-4x1-1012-1264-4x2-0-21-0":{"factor":0.364486293179682,"meta":{"2":{"dim":2,"start":0,"zmlevel":0,"end":21},"1":{"dim":1,"start":1012,"zmlevel":4,"end":1264},"0":{"dim":0,"start":3012,"zmlevel":4,"end":3262}}},"0-3263-3513-4x1-2024-2276-4x2-0-21-0":{"factor":0.364486293179682,"meta":{"2":{"dim":2,"start":0,"zmlevel":0,"end":21},"1":{"dim":1,"start":2024,"zmlevel":4,"end":2276},"0":{"dim":0,"start":3263,"zmlevel":4,"end":3513}}},"0-251-501-4x1-3795-4047-4x2-0-21-0":{"factor":0.364486293179682,"meta":{"2":{"dim":2,"start":0,"zmlevel":0,"end":21},"1":{"dim":1,"start":3795,"zmlevel":4,"end":4047},"0":{"dim":0,"start":251,"zmlevel":4,"end":501}}},"0-1506-1756-4x1-2277-2529-4x2-0-21-0":{"factor":0.364486293179682,"meta":{"2":{"dim":2,"start":0,"zmlevel":0,"end":21},"1":{"dim":1,"start":2277,"zmlevel":4,"end":2529},"0":{"dim":0,"start":1506,"zmlevel":4,"end":1756}}},"0-2510-2760-4x1-2277-2529-4x2-0-21-0":{"factor":0.364486293179682,"meta":{"2":{"dim":2,"start":0,"zmlevel":0,"end":21},"1":{"dim":1,"start":2277,"zmlevel":4,"end":2529},"0":{"dim":0,"start":2510,"zmlevel":4,"end":2760}}},"0-2259-2509-4x1-2024-2276-4x2-0-21-0":{"factor":0.364486293179682,"meta":{"2":{"dim":2,"start":0,"zmlevel":0,"end":21},"1":{"dim":1,"start":2024,"zmlevel":4,"end":2276},"0":{"dim":0,"start":2259,"zmlevel":4,"end":2509}}},"0-2259-2509-4x1-759-1011-4x2-0-21-0":{"factor":0.364486293179682,"meta":{"2":{"dim":2,"start":0,"zmlevel":0,"end":21},"1":{"dim":1,"start":759,"zmlevel":4,"end":1011},"0":{"dim":0,"start":2259,"zmlevel":4,"end":2509}}},"0-3263-3513-4x1-3036-3288-4x2-0-21-0":{"factor":0.364486293179682,"meta":{"2":{"dim":2,"start":0,"zmlevel":0,"end":21},"1":{"dim":1,"start":3036,"zmlevel":4,"end":3288},"0":{"dim":0,"start":3263,"zmlevel":4,"end":3513}}},"0-502-752-4x1-2277-2529-4x2-0-21-0":{"factor":0.364486293179682,"meta":{"2":{"dim":2,"start":0,"zmlevel":0,"end":21},"1":{"dim":1,"start":2277,"zmlevel":4,"end":2529},"0":{"dim":0,"start":502,"zmlevel":4,"end":752}}},"0-2761-3011-4x1-1012-1264-4x2-0-21-0":{"factor":0.364486293179682,"meta":{"2":{"dim":2,"start":0,"zmlevel":0,"end":21},"1":{"dim":1,"start":1012,"zmlevel":4,"end":1264},"0":{"dim":0,"start":2761,"zmlevel":4,"end":3011}}},"0-3514-3764-4x1-2530-2782-4x2-0-21-0":{"factor":0.364486293179682,"meta":{"2":{"dim":2,"start":0,"zmlevel":0,"end":21},"1":{"dim":1,"start":2530,"zmlevel":4,"end":2782},"0":{"dim":0,"start":3514,"zmlevel":4,"end":3764}}},"0-2510-2760-4x1-1518-1770-4x2-0-21-0":{"factor":0.364486293179682,"meta":{"2":{"dim":2,"start":0,"zmlevel":0,"end":21},"1":{"dim":1,"start":1518,"zmlevel":4,"end":1770},"0":{"dim":0,"start":2510,"zmlevel":4,"end":2760}}},"0-2761-3011-4x1-759-1011-4x2-0-21-0":{"factor":0.364486293179682,"meta":{"2":{"dim":2,"start":0,"zmlevel":0,"end":21},"1":{"dim":1,"start":759,"zmlevel":4,"end":1011},"0":{"dim":0,"start":2761,"zmlevel":4,"end":3011}}},"0-2259-2509-4x1-0-252-4x2-0-21-0":{"factor":0.364486293179682,"meta":{"2":{"dim":2,"start":0,"zmlevel":0,"end":21},"1":{"dim":1,"start":0,"zmlevel":4,"end":252},"0":{"dim":0,"start":2259,"zmlevel":4,"end":2509}}},"0-2510-2760-4x1-2024-2276-4x2-0-21-0":{"factor":0.364486293179682,"meta":{"2":{"dim":2,"start":0,"zmlevel":0,"end":21},"1":{"dim":1,"start":2024,"zmlevel":4,"end":2276},"0":{"dim":0,"start":2510,"zmlevel":4,"end":2760}}},"0-0-250-4x1-2530-2782-4x2-0-21-0":{"factor":0.364486293179682,"meta":{"2":{"dim":2,"start":0,"zmlevel":0,"end":21},"1":{"dim":1,"start":2530,"zmlevel":4,"end":2782},"0":{"dim":0,"start":0,"zmlevel":4,"end":250}}},"0-3263-3513-4x1-1012-1264-4x2-0-21-0":{"factor":0.364486293179682,"meta":{"2":{"dim":2,"start":0,"zmlevel":0,"end":21},"1":{"dim":1,"start":1012,"zmlevel":4,"end":1264},"0":{"dim":0,"start":3263,"zmlevel":4,"end":3513}}},"0-502-752-4x1-506-758-4x2-0-21-0":{"factor":0.364486293179682,"meta":{"2":{"dim":2,"start":0,"zmlevel":0,"end":21},"1":{"dim":1,"start":506,"zmlevel":4,"end":758},"0":{"dim":0,"start":502,"zmlevel":4,"end":752}}},"0-3263-3513-4x1-3542-3794-4x2-0-21-0":{"factor":0.364486293179682,"meta":{"2":{"dim":2,"start":0,"zmlevel":0,"end":21},"1":{"dim":1,"start":3542,"zmlevel":4,"end":3794},"0":{"dim":0,"start":3263,"zmlevel":4,"end":3513}}},"0-1255-1505-4x1-2530-2782-4x2-0-21-0":{"factor":0.364486293179682,"meta":{"2":{"dim":2,"start":0,"zmlevel":0,"end":21},"1":{"dim":1,"start":2530,"zmlevel":4,"end":2782},"0":{"dim":0,"start":1255,"zmlevel":4,"end":1505}}},"0-1255-1505-4x1-2277-2529-4x2-0-21-0":{"factor":0.364486293179682,"meta":{"2":{"dim":2,"start":0,"zmlevel":0,"end":21},"1":{"dim":1,"start":2277,"zmlevel":4,"end":2529},"0":{"dim":0,"start":1255,"zmlevel":4,"end":1505}}},"0-2761-3011-4x1-3036-3288-4x2-0-21-0":{"factor":0.364486293179682,"meta":{"2":{"dim":2,"start":0,"zmlevel":0,"end":21},"1":{"dim":1,"start":3036,"zmlevel":4,"end":3288},"0":{"dim":0,"start":2761,"zmlevel":4,"end":3011}}},"0-2008-2258-4x1-2530-2782-4x2-0-21-0":{"factor":0.364486293179682,"meta":{"2":{"dim":2,"start":0,"zmlevel":0,"end":21},"1":{"dim":1,"start":2530,"zmlevel":4,"end":2782},"0":{"dim":0,"start":2008,"zmlevel":4,"end":2258}}},"0-2008-2258-4x1-1012-1264-4x2-0-21-0":{"factor":0.364486293179682,"meta":{"2":{"dim":2,"start":0,"zmlevel":0,"end":21},"1":{"dim":1,"start":1012,"zmlevel":4,"end":1264},"0":{"dim":0,"start":2008,"zmlevel":4,"end":2258}}},"0-3012-3262-4x1-1265-1517-4x2-0-21-0":{"factor":0.364486293179682,"meta":{"2":{"dim":2,"start":0,"zmlevel":0,"end":21},"1":{"dim":1,"start":1265,"zmlevel":4,"end":1517},"0":{"dim":0,"start":3012,"zmlevel":4,"end":3262}}},"0-1757-2007-4x1-1012-1264-4x2-0-21-0":{"factor":0.364486293179682,"meta":{"2":{"dim":2,"start":0,"zmlevel":0,"end":21},"1":{"dim":1,"start":1012,"zmlevel":4,"end":1264},"0":{"dim":0,"start":1757,"zmlevel":4,"end":2007}}},"0-2008-2258-4x1-2277-2529-4x2-0-21-0":{"factor":0.364486293179682,"meta":{"2":{"dim":2,"start":0,"zmlevel":0,"end":21},"1":{"dim":1,"start":2277,"zmlevel":4,"end":2529},"0":{"dim":0,"start":2008,"zmlevel":4,"end":2258}}},"0-1004-1254-4x1-2024-2276-4x2-0-21-0":{"factor":0.364486293179682,"meta":{"2":{"dim":2,"start":0,"zmlevel":0,"end":21},"1":{"dim":1,"start":2024,"zmlevel":4,"end":2276},"0":{"dim":0,"start":1004,"zmlevel":4,"end":1254}}},"0-2510-2760-4x1-1012-1264-4x2-0-21-0":{"factor":0.364486293179682,"meta":{"2":{"dim":2,"start":0,"zmlevel":0,"end":21},"1":{"dim":1,"start":1012,"zmlevel":4,"end":1264},"0":{"dim":0,"start":2510,"zmlevel":4,"end":2760}}},"0-1004-1254-4x1-2530-2782-4x2-0-21-0":{"factor":0.364486293179682,"meta":{"2":{"dim":2,"start":0,"zmlevel":0,"end":21},"1":{"dim":1,"start":2530,"zmlevel":4,"end":2782},"0":{"dim":0,"start":1004,"zmlevel":4,"end":1254}}},"0-753-1003-4x1-1265-1517-4x2-0-21-0":{"factor":0.364486293179682,"meta":{"2":{"dim":2,"start":0,"zmlevel":0,"end":21},"1":{"dim":1,"start":1265,"zmlevel":4,"end":1517},"0":{"dim":0,"start":753,"zmlevel":4,"end":1003}}},"0-1506-1756-4x1-2783-3035-4x2-0-21-0":{"factor":0.364486293179682,"meta":{"2":{"dim":2,"start":0,"zmlevel":0,"end":21},"1":{"dim":1,"start":2783,"zmlevel":4,"end":3035},"0":{"dim":0,"start":1506,"zmlevel":4,"end":1756}}},"0-1255-1505-4x1-0-252-4x2-0-21-0":{"factor":0.364486293179682,"meta":{"2":{"dim":2,"start":0,"zmlevel":0,"end":21},"1":{"dim":1,"start":0,"zmlevel":4,"end":252},"0":{"dim":0,"start":1255,"zmlevel":4,"end":1505}}},"0-251-501-4x1-253-505-4x2-0-21-0":{"factor":0.364486293179682,"meta":{"2":{"dim":2,"start":0,"zmlevel":0,"end":21},"1":{"dim":1,"start":253,"zmlevel":4,"end":505},"0":{"dim":0,"start":251,"zmlevel":4,"end":501}}},"0-0-250-4x1-759-1011-4x2-0-21-0":{"factor":0.364486293179682,"meta":{"2":{"dim":2,"start":0,"zmlevel":0,"end":21},"1":{"dim":1,"start":759,"zmlevel":4,"end":1011},"0":{"dim":0,"start":0,"zmlevel":4,"end":250}}},"0-3514-3764-4x1-759-1011-4x2-0-21-0":{"factor":0.364486293179682,"meta":{"2":{"dim":2,"start":0,"zmlevel":0,"end":21},"1":{"dim":1,"start":759,"zmlevel":4,"end":1011},"0":{"dim":0,"start":3514,"zmlevel":4,"end":3764}}},"0-1757-2007-4x1-1518-1770-4x2-0-21-0":{"factor":0.364486293179682,"meta":{"2":{"dim":2,"start":0,"zmlevel":0,"end":21},"1":{"dim":1,"start":1518,"zmlevel":4,"end":1770},"0":{"dim":0,"start":1757,"zmlevel":4,"end":2007}}},"0-502-752-4x1-2783-3035-4x2-0-21-0":{"factor":0.364486293179682,"meta":{"2":{"dim":2,"start":0,"zmlevel":0,"end":21},"1":{"dim":1,"start":2783,"zmlevel":4,"end":3035},"0":{"dim":0,"start":502,"zmlevel":4,"end":752}}},"0-1255-1505-4x1-2024-2276-4x2-0-21-0":{"factor":0.364486293179682,"meta":{"2":{"dim":2,"start":0,"zmlevel":0,"end":21},"1":{"dim":1,"start":2024,"zmlevel":4,"end":2276},"0":{"dim":0,"start":1255,"zmlevel":4,"end":1505}}},"0-3263-3513-4x1-0-252-4x2-0-21-0":{"factor":0.364486293179682,"meta":{"2":{"dim":2,"start":0,"zmlevel":0,"end":21},"1":{"dim":1,"start":0,"zmlevel":4,"end":252},"0":{"dim":0,"start":3263,"zmlevel":4,"end":3513}}},"0-3263-3513-4x1-3795-4047-4x2-0-21-0":{"factor":0.364486293179682,"meta":{"2":{"dim":2,"start":0,"zmlevel":0,"end":21},"1":{"dim":1,"start":3795,"zmlevel":4,"end":4047},"0":{"dim":0,"start":3263,"zmlevel":4,"end":3513}}},"globalMinProj":{"0x1":1},"0-3263-3513-4x1-253-505-4x2-0-21-0":{"factor":0.364486293179682,"meta":{"2":{"dim":2,"start":0,"zmlevel":0,"end":21},"1":{"dim":1,"start":253,"zmlevel":4,"end":505},"0":{"dim":0,"start":3263,"zmlevel":4,"end":3513}}},"0-3765-4015-4x1-3542-3794-4x2-0-21-0":{"factor":0.364486293179682,"meta":{"2":{"dim":2,"start":0,"zmlevel":0,"end":21},"1":{"dim":1,"start":3542,"zmlevel":4,"end":3794},"0":{"dim":0,"start":3765,"zmlevel":4,"end":4015}}},"0-2761-3011-4x1-2277-2529-4x2-0-21-0":{"factor":0.364486293179682,"meta":{"2":{"dim":2,"start":0,"zmlevel":0,"end":21},"1":{"dim":1,"start":2277,"zmlevel":4,"end":2529},"0":{"dim":0,"start":2761,"zmlevel":4,"end":3011}}},"0-2761-3011-4x1-0-252-4x2-0-21-0":{"factor":0.364486293179682,"meta":{"2":{"dim":2,"start":0,"zmlevel":0,"end":21},"1":{"dim":1,"start":0,"zmlevel":4,"end":252},"0":{"dim":0,"start":2761,"zmlevel":4,"end":3011}}},"0-3765-4015-4x1-2783-3035-4x2-0-21-0":{"factor":0.364486293179682,"meta":{"2":{"dim":2,"start":0,"zmlevel":0,"end":21},"1":{"dim":1,"start":2783,"zmlevel":4,"end":3035},"0":{"dim":0,"start":3765,"zmlevel":4,"end":4015}}},"0-2510-2760-4x1-253-505-4x2-0-21-0":{"factor":0.364486293179682,"meta":{"2":{"dim":2,"start":0,"zmlevel":0,"end":21},"1":{"dim":1,"start":253,"zmlevel":4,"end":505},"0":{"dim":0,"start":2510,"zmlevel":4,"end":2760}}},"0-502-752-4x1-3795-4047-4x2-0-21-0":{"factor":0.364486293179682,"meta":{"2":{"dim":2,"start":0,"zmlevel":0,"end":21},"1":{"dim":1,"start":3795,"zmlevel":4,"end":4047},"0":{"dim":0,"start":502,"zmlevel":4,"end":752}}},"0-1004-1254-4x1-759-1011-4x2-0-21-0":{"factor":0.364486293179682,"meta":{"2":{"dim":2,"start":0,"zmlevel":0,"end":21},"1":{"dim":1,"start":759,"zmlevel":4,"end":1011},"0":{"dim":0,"start":1004,"zmlevel":4,"end":1254}}},"0-2259-2509-4x1-2530-2782-4x2-0-21-0":{"factor":0.364486293179682,"meta":{"2":{"dim":2,"start":0,"zmlevel":0,"end":21},"1":{"dim":1,"start":2530,"zmlevel":4,"end":2782},"0":{"dim":0,"start":2259,"zmlevel":4,"end":2509}}},"0-1757-2007-4x1-506-758-4x2-0-21-0":{"factor":0.364486293179682,"meta":{"2":{"dim":2,"start":0,"zmlevel":0,"end":21},"1":{"dim":1,"start":506,"zmlevel":4,"end":758},"0":{"dim":0,"start":1757,"zmlevel":4,"end":2007}}},"globalMaxProj":{"0x1":2202457},"0-502-752-4x1-3289-3541-4x2-0-21-0":{"factor":0.364486293179682,"meta":{"2":{"dim":2,"start":0,"zmlevel":0,"end":21},"1":{"dim":1,"start":3289,"zmlevel":4,"end":3541},"0":{"dim":0,"start":502,"zmlevel":4,"end":752}}},"0-3765-4015-4x1-2277-2529-4x2-0-21-0":{"factor":0.364486293179682,"meta":{"2":{"dim":2,"start":0,"zmlevel":0,"end":21},"1":{"dim":1,"start":2277,"zmlevel":4,"end":2529},"0":{"dim":0,"start":3765,"zmlevel":4,"end":4015}}},"0-3263-3513-4x1-506-758-4x2-0-21-0":{"factor":0.364486293179682,"meta":{"2":{"dim":2,"start":0,"zmlevel":0,"end":21},"1":{"dim":1,"start":506,"zmlevel":4,"end":758},"0":{"dim":0,"start":3263,"zmlevel":4,"end":3513}}},"0-1757-2007-4x1-2783-3035-4x2-0-21-0":{"factor":0.364486293179682,"meta":{"2":{"dim":2,"start":0,"zmlevel":0,"end":21},"1":{"dim":1,"start":2783,"zmlevel":4,"end":3035},"0":{"dim":0,"start":1757,"zmlevel":4,"end":2007}}},"0-3263-3513-4x1-2783-3035-4x2-0-21-0":{"factor":0.364486293179682,"meta":{"2":{"dim":2,"start":0,"zmlevel":0,"end":21},"1":{"dim":1,"start":2783,"zmlevel":4,"end":3035},"0":{"dim":0,"start":3263,"zmlevel":4,"end":3513}}},"0-1004-1254-4x1-1265-1517-4x2-0-21-0":{"factor":0.364486293179682,"meta":{"2":{"dim":2,"start":0,"zmlevel":0,"end":21},"1":{"dim":1,"start":1265,"zmlevel":4,"end":1517},"0":{"dim":0,"start":1004,"zmlevel":4,"end":1254}}},"0-3514-3764-4x1-3795-4047-4x2-0-21-0":{"factor":0.364486293179682,"meta":{"2":{"dim":2,"start":0,"zmlevel":0,"end":21},"1":{"dim":1,"start":3795,"zmlevel":4,"end":4047},"0":{"dim":0,"start":3514,"zmlevel":4,"end":3764}}},"0-3012-3262-4x1-506-758-4x2-0-21-0":{"factor":0.364486293179682,"meta":{"2":{"dim":2,"start":0,"zmlevel":0,"end":21},"1":{"dim":1,"start":506,"zmlevel":4,"end":758},"0":{"dim":0,"start":3012,"zmlevel":4,"end":3262}}},"0-753-1003-4x1-3542-3794-4x2-0-21-0":{"factor":0.364486293179682,"meta":{"2":{"dim":2,"start":0,"zmlevel":0,"end":21},"1":{"dim":1,"start":3542,"zmlevel":4,"end":3794},"0":{"dim":0,"start":753,"zmlevel":4,"end":1003}}},"0-0-250-4x1-3036-3288-4x2-0-21-0":{"factor":0.364486293179682,"meta":{"2":{"dim":2,"start":0,"zmlevel":0,"end":21},"1":{"dim":1,"start":3036,"zmlevel":4,"end":3288},"0":{"dim":0,"start":0,"zmlevel":4,"end":250}}},"0-3514-3764-4x1-3036-3288-4x2-0-21-0":{"factor":0.364486293179682,"meta":{"2":{"dim":2,"start":0,"zmlevel":0,"end":21},"1":{"dim":1,"start":3036,"zmlevel":4,"end":3288},"0":{"dim":0,"start":3514,"zmlevel":4,"end":3764}}},"0-3012-3262-4x1-3289-3541-4x2-0-21-0":{"factor":0.364486293179682,"meta":{"2":{"dim":2,"start":0,"zmlevel":0,"end":21},"1":{"dim":1,"start":3289,"zmlevel":4,"end":3541},"0":{"dim":0,"start":3012,"zmlevel":4,"end":3262}}},"0-1255-1505-4x1-2783-3035-4x2-0-21-0":{"factor":0.364486293179682,"meta":{"2":{"dim":2,"start":0,"zmlevel":0,"end":21},"1":{"dim":1,"start":2783,"zmlevel":4,"end":3035},"0":{"dim":0,"start":1255,"zmlevel":4,"end":1505}}},"0-2510-2760-4x1-759-1011-4x2-0-21-0":{"factor":0.364486293179682,"meta":{"2":{"dim":2,"start":0,"zmlevel":0,"end":21},"1":{"dim":1,"start":759,"zmlevel":4,"end":1011},"0":{"dim":0,"start":2510,"zmlevel":4,"end":2760}}},"0-753-1003-4x1-2783-3035-4x2-0-21-0":{"factor":0.364486293179682,"meta":{"2":{"dim":2,"start":0,"zmlevel":0,"end":21},"1":{"dim":1,"start":2783,"zmlevel":4,"end":3035},"0":{"dim":0,"start":753,"zmlevel":4,"end":1003}}},"0-2259-2509-4x1-2783-3035-4x2-0-21-0":{"factor":0.364486293179682,"meta":{"2":{"dim":2,"start":0,"zmlevel":0,"end":21},"1":{"dim":1,"start":2783,"zmlevel":4,"end":3035},"0":{"dim":0,"start":2259,"zmlevel":4,"end":2509}}},"0-251-501-4x1-1771-2023-4x2-0-21-0":{"factor":0.364486293179682,"meta":{"2":{"dim":2,"start":0,"zmlevel":0,"end":21},"1":{"dim":1,"start":1771,"zmlevel":4,"end":2023},"0":{"dim":0,"start":251,"zmlevel":4,"end":501}}},"0-3263-3513-4x1-1771-2023-4x2-0-21-0":{"factor":0.364486293179682,"meta":{"2":{"dim":2,"start":0,"zmlevel":0,"end":21},"1":{"dim":1,"start":1771,"zmlevel":4,"end":2023},"0":{"dim":0,"start":3263,"zmlevel":4,"end":3513}}},"0-753-1003-4x1-1518-1770-4x2-0-21-0":{"factor":0.364486293179682,"meta":{"2":{"dim":2,"start":0,"zmlevel":0,"end":21},"1":{"dim":1,"start":1518,"zmlevel":4,"end":1770},"0":{"dim":0,"start":753,"zmlevel":4,"end":1003}}},"0-1004-1254-4x1-1012-1264-4x2-0-21-0":{"factor":0.364486293179682,"meta":{"2":{"dim":2,"start":0,"zmlevel":0,"end":21},"1":{"dim":1,"start":1012,"zmlevel":4,"end":1264},"0":{"dim":0,"start":1004,"zmlevel":4,"end":1254}}},"0-753-1003-4x1-3036-3288-4x2-0-21-0":{"factor":0.364486293179682,"meta":{"2":{"dim":2,"start":0,"zmlevel":0,"end":21},"1":{"dim":1,"start":3036,"zmlevel":4,"end":3288},"0":{"dim":0,"start":753,"zmlevel":4,"end":1003}}},"0-3765-4015-4x1-1518-1770-4x2-0-21-0":{"factor":0.364486293179682,"meta":{"2":{"dim":2,"start":0,"zmlevel":0,"end":21},"1":{"dim":1,"start":1518,"zmlevel":4,"end":1770},"0":{"dim":0,"start":3765,"zmlevel":4,"end":4015}}},"0-1506-1756-4x1-759-1011-4x2-0-21-0":{"factor":0.364486293179682,"meta":{"2":{"dim":2,"start":0,"zmlevel":0,"end":21},"1":{"dim":1,"start":759,"zmlevel":4,"end":1011},"0":{"dim":0,"start":1506,"zmlevel":4,"end":1756}}},"0-0-250-4x1-1518-1770-4x2-0-21-0":{"factor":0.364486293179682,"meta":{"2":{"dim":2,"start":0,"zmlevel":0,"end":21},"1":{"dim":1,"start":1518,"zmlevel":4,"end":1770},"0":{"dim":0,"start":0,"zmlevel":4,"end":250}}},"0-3514-3764-4x1-3289-3541-4x2-0-21-0":{"factor":0.364486293179682,"meta":{"2":{"dim":2,"start":0,"zmlevel":0,"end":21},"1":{"dim":1,"start":3289,"zmlevel":4,"end":3541},"0":{"dim":0,"start":3514,"zmlevel":4,"end":3764}}},"0-1004-1254-4x1-1518-1770-4x2-0-21-0":{"factor":0.364486293179682,"meta":{"2":{"dim":2,"start":0,"zmlevel":0,"end":21},"1":{"dim":1,"start":1518,"zmlevel":4,"end":1770},"0":{"dim":0,"start":1004,"zmlevel":4,"end":1254}}},"0-1506-1756-4x1-253-505-4x2-0-21-0":{"factor":0.364486293179682,"meta":{"2":{"dim":2,"start":0,"zmlevel":0,"end":21},"1":{"dim":1,"start":253,"zmlevel":4,"end":505},"0":{"dim":0,"start":1506,"zmlevel":4,"end":1756}}},"0-502-752-4x1-2024-2276-4x2-0-21-0":{"factor":0.364486293179682,"meta":{"2":{"dim":2,"start":0,"zmlevel":0,"end":21},"1":{"dim":1,"start":2024,"zmlevel":4,"end":2276},"0":{"dim":0,"start":502,"zmlevel":4,"end":752}}},"0-2259-2509-4x1-506-758-4x2-0-21-0":{"factor":0.364486293179682,"meta":{"2":{"dim":2,"start":0,"zmlevel":0,"end":21},"1":{"dim":1,"start":506,"zmlevel":4,"end":758},"0":{"dim":0,"start":2259,"zmlevel":4,"end":2509}}},"0-3765-4015-4x1-0-252-4x2-0-21-0":{"factor":0.364486293179682,"meta":{"2":{"dim":2,"start":0,"zmlevel":0,"end":21},"1":{"dim":1,"start":0,"zmlevel":4,"end":252},"0":{"dim":0,"start":3765,"zmlevel":4,"end":4015}}},"0-1506-1756-4x1-3289-3541-4x2-0-21-0":{"factor":0.364486293179682,"meta":{"2":{"dim":2,"start":0,"zmlevel":0,"end":21},"1":{"dim":1,"start":3289,"zmlevel":4,"end":3541},"0":{"dim":0,"start":1506,"zmlevel":4,"end":1756}}},"0-1506-1756-4x1-1771-2023-4x2-0-21-0":{"factor":0.364486293179682,"meta":{"2":{"dim":2,"start":0,"zmlevel":0,"end":21},"1":{"dim":1,"start":1771,"zmlevel":4,"end":2023},"0":{"dim":0,"start":1506,"zmlevel":4,"end":1756}}},"0-3263-3513-4x1-1518-1770-4x2-0-21-0":{"factor":0.364486293179682,"meta":{"2":{"dim":2,"start":0,"zmlevel":0,"end":21},"1":{"dim":1,"start":1518,"zmlevel":4,"end":1770},"0":{"dim":0,"start":3263,"zmlevel":4,"end":3513}}},"0-1506-1756-4x1-1012-1264-4x2-0-21-0":{"factor":0.364486293179682,"meta":{"2":{"dim":2,"start":0,"zmlevel":0,"end":21},"1":{"dim":1,"start":1012,"zmlevel":4,"end":1264},"0":{"dim":0,"start":1506,"zmlevel":4,"end":1756}}},"0-753-1003-4x1-2277-2529-4x2-0-21-0":{"factor":0.364486293179682,"meta":{"2":{"dim":2,"start":0,"zmlevel":0,"end":21},"1":{"dim":1,"start":2277,"zmlevel":4,"end":2529},"0":{"dim":0,"start":753,"zmlevel":4,"end":1003}}},"0-1255-1505-4x1-3289-3541-4x2-0-21-0":{"factor":0.364486293179682,"meta":{"2":{"dim":2,"start":0,"zmlevel":0,"end":21},"1":{"dim":1,"start":3289,"zmlevel":4,"end":3541},"0":{"dim":0,"start":1255,"zmlevel":4,"end":1505}}},"0-502-752-4x1-1518-1770-4x2-0-21-0":{"factor":0.364486293179682,"meta":{"2":{"dim":2,"start":0,"zmlevel":0,"end":21},"1":{"dim":1,"start":1518,"zmlevel":4,"end":1770},"0":{"dim":0,"start":502,"zmlevel":4,"end":752}}},"0-3514-3764-4x1-0-252-4x2-0-21-0":{"factor":0.364486293179682,"meta":{"2":{"dim":2,"start":0,"zmlevel":0,"end":21},"1":{"dim":1,"start":0,"zmlevel":4,"end":252},"0":{"dim":0,"start":3514,"zmlevel":4,"end":3764}}},"0-3012-3262-4x1-2530-2782-4x2-0-21-0":{"factor":0.364486293179682,"meta":{"2":{"dim":2,"start":0,"zmlevel":0,"end":21},"1":{"dim":1,"start":2530,"zmlevel":4,"end":2782},"0":{"dim":0,"start":3012,"zmlevel":4,"end":3262}}},"0-1004-1254-4x1-3795-4047-4x2-0-21-0":{"factor":0.364486293179682,"meta":{"2":{"dim":2,"start":0,"zmlevel":0,"end":21},"1":{"dim":1,"start":3795,"zmlevel":4,"end":4047},"0":{"dim":0,"start":1004,"zmlevel":4,"end":1254}}},"0-1757-2007-4x1-2530-2782-4x2-0-21-0":{"factor":0.364486293179682,"meta":{"2":{"dim":2,"start":0,"zmlevel":0,"end":21},"1":{"dim":1,"start":2530,"zmlevel":4,"end":2782},"0":{"dim":0,"start":1757,"zmlevel":4,"end":2007}}},"0-2259-2509-4x1-3289-3541-4x2-0-21-0":{"factor":0.364486293179682,"meta":{"2":{"dim":2,"start":0,"zmlevel":0,"end":21},"1":{"dim":1,"start":3289,"zmlevel":4,"end":3541},"0":{"dim":0,"start":2259,"zmlevel":4,"end":2509}}},"0-3263-3513-4x1-1265-1517-4x2-0-21-0":{"factor":0.364486293179682,"meta":{"2":{"dim":2,"start":0,"zmlevel":0,"end":21},"1":{"dim":1,"start":1265,"zmlevel":4,"end":1517},"0":{"dim":0,"start":3263,"zmlevel":4,"end":3513}}},"0-2259-2509-4x1-3542-3794-4x2-0-21-0":{"factor":0.364486293179682,"meta":{"2":{"dim":2,"start":0,"zmlevel":0,"end":21},"1":{"dim":1,"start":3542,"zmlevel":4,"end":3794},"0":{"dim":0,"start":2259,"zmlevel":4,"end":2509}}},"0-502-752-4x1-2530-2782-4x2-0-21-0":{"factor":0.364486293179682,"meta":{"2":{"dim":2,"start":0,"zmlevel":0,"end":21},"1":{"dim":1,"start":2530,"zmlevel":4,"end":2782},"0":{"dim":0,"start":502,"zmlevel":4,"end":752}}},"0-0-250-4x1-2277-2529-4x2-0-21-0":{"factor":0.364486293179682,"meta":{"2":{"dim":2,"start":0,"zmlevel":0,"end":21},"1":{"dim":1,"start":2277,"zmlevel":4,"end":2529},"0":{"dim":0,"start":0,"zmlevel":4,"end":250}}},"0-2510-2760-4x1-2530-2782-4x2-0-21-0":{"factor":0.364486293179682,"meta":{"2":{"dim":2,"start":0,"zmlevel":0,"end":21},"1":{"dim":1,"start":2530,"zmlevel":4,"end":2782},"0":{"dim":0,"start":2510,"zmlevel":4,"end":2760}}},"0-1506-1756-4x1-3542-3794-4x2-0-21-0":{"factor":0.364486293179682,"meta":{"2":{"dim":2,"start":0,"zmlevel":0,"end":21},"1":{"dim":1,"start":3542,"zmlevel":4,"end":3794},"0":{"dim":0,"start":1506,"zmlevel":4,"end":1756}}},"0-1506-1756-4x1-2530-2782-4x2-0-21-0":{"factor":0.364486293179682,"meta":{"2":{"dim":2,"start":0,"zmlevel":0,"end":21},"1":{"dim":1,"start":2530,"zmlevel":4,"end":2782},"0":{"dim":0,"start":1506,"zmlevel":4,"end":1756}}},"0-0-250-4x1-0-252-4x2-0-21-0":{"factor":0.364486293179682,"meta":{"2":{"dim":2,"start":0,"zmlevel":0,"end":21},"1":{"dim":1,"start":0,"zmlevel":4,"end":252},"0":{"dim":0,"start":0,"zmlevel":4,"end":250}}},"0-3012-3262-4x1-3542-3794-4x2-0-21-0":{"factor":0.364486293179682,"meta":{"2":{"dim":2,"start":0,"zmlevel":0,"end":21},"1":{"dim":1,"start":3542,"zmlevel":4,"end":3794},"0":{"dim":0,"start":3012,"zmlevel":4,"end":3262}}},"0-3514-3764-4x1-2024-2276-4x2-0-21-0":{"factor":0.364486293179682,"meta":{"2":{"dim":2,"start":0,"zmlevel":0,"end":21},"1":{"dim":1,"start":2024,"zmlevel":4,"end":2276},"0":{"dim":0,"start":3514,"zmlevel":4,"end":3764}}},"0-3263-3513-4x1-3289-3541-4x2-0-21-0":{"factor":0.364486293179682,"meta":{"2":{"dim":2,"start":0,"zmlevel":0,"end":21},"1":{"dim":1,"start":3289,"zmlevel":4,"end":3541},"0":{"dim":0,"start":3263,"zmlevel":4,"end":3513}}},"0-1757-2007-4x1-3795-4047-4x2-0-21-0":{"factor":0.364486293179682,"meta":{"2":{"dim":2,"start":0,"zmlevel":0,"end":21},"1":{"dim":1,"start":3795,"zmlevel":4,"end":4047},"0":{"dim":0,"start":1757,"zmlevel":4,"end":2007}}},"0-502-752-4x1-3542-3794-4x2-0-21-0":{"factor":0.364486293179682,"meta":{"2":{"dim":2,"start":0,"zmlevel":0,"end":21},"1":{"dim":1,"start":3542,"zmlevel":4,"end":3794},"0":{"dim":0,"start":502,"zmlevel":4,"end":752}}},"0-251-501-4x1-3289-3541-4x2-0-21-0":{"factor":0.364486293179682,"meta":{"2":{"dim":2,"start":0,"zmlevel":0,"end":21},"1":{"dim":1,"start":3289,"zmlevel":4,"end":3541},"0":{"dim":0,"start":251,"zmlevel":4,"end":501}}},"0-1506-1756-4x1-506-758-4x2-0-21-0":{"factor":0.364486293179682,"meta":{"2":{"dim":2,"start":0,"zmlevel":0,"end":21},"1":{"dim":1,"start":506,"zmlevel":4,"end":758},"0":{"dim":0,"start":1506,"zmlevel":4,"end":1756}}},"0-251-501-4x1-1518-1770-4x2-0-21-0":{"factor":0.364486293179682,"meta":{"2":{"dim":2,"start":0,"zmlevel":0,"end":21},"1":{"dim":1,"start":1518,"zmlevel":4,"end":1770},"0":{"dim":0,"start":251,"zmlevel":4,"end":501}}},"0-1255-1505-4x1-1518-1770-4x2-0-21-0":{"factor":0.364486293179682,"meta":{"2":{"dim":2,"start":0,"zmlevel":0,"end":21},"1":{"dim":1,"start":1518,"zmlevel":4,"end":1770},"0":{"dim":0,"start":1255,"zmlevel":4,"end":1505}}},"0-502-752-4x1-253-505-4x2-0-21-0":{"factor":0.364486293179682,"meta":{"2":{"dim":2,"start":0,"zmlevel":0,"end":21},"1":{"dim":1,"start":253,"zmlevel":4,"end":505},"0":{"dim":0,"start":502,"zmlevel":4,"end":752}}},"0-502-752-4x1-3036-3288-4x2-0-21-0":{"factor":0.364486293179682,"meta":{"2":{"dim":2,"start":0,"zmlevel":0,"end":21},"1":{"dim":1,"start":3036,"zmlevel":4,"end":3288},"0":{"dim":0,"start":502,"zmlevel":4,"end":752}}},"0-1506-1756-4x1-1518-1770-4x2-0-21-0":{"factor":0.364486293179682,"meta":{"2":{"dim":2,"start":0,"zmlevel":0,"end":21},"1":{"dim":1,"start":1518,"zmlevel":4,"end":1770},"0":{"dim":0,"start":1506,"zmlevel":4,"end":1756}}},"0-1004-1254-4x1-2783-3035-4x2-0-21-0":{"factor":0.364486293179682,"meta":{"2":{"dim":2,"start":0,"zmlevel":0,"end":21},"1":{"dim":1,"start":2783,"zmlevel":4,"end":3035},"0":{"dim":0,"start":1004,"zmlevel":4,"end":1254}}},"0-753-1003-4x1-0-252-4x2-0-21-0":{"factor":0.364486293179682,"meta":{"2":{"dim":2,"start":0,"zmlevel":0,"end":21},"1":{"dim":1,"start":0,"zmlevel":4,"end":252},"0":{"dim":0,"start":753,"zmlevel":4,"end":1003}}},"0-1255-1505-4x1-253-505-4x2-0-21-0":{"factor":0.364486293179682,"meta":{"2":{"dim":2,"start":0,"zmlevel":0,"end":21},"1":{"dim":1,"start":253,"zmlevel":4,"end":505},"0":{"dim":0,"start":1255,"zmlevel":4,"end":1505}}},"0-3012-3262-4x1-3036-3288-4x2-0-21-0":{"factor":0.364486293179682,"meta":{"2":{"dim":2,"start":0,"zmlevel":0,"end":21},"1":{"dim":1,"start":3036,"zmlevel":4,"end":3288},"0":{"dim":0,"start":3012,"zmlevel":4,"end":3262}}},"0-502-752-4x1-1771-2023-4x2-0-21-0":{"factor":0.364486293179682,"meta":{"2":{"dim":2,"start":0,"zmlevel":0,"end":21},"1":{"dim":1,"start":1771,"zmlevel":4,"end":2023},"0":{"dim":0,"start":502,"zmlevel":4,"end":752}}},"0-3012-3262-4x1-3795-4047-4x2-0-21-0":{"factor":0.364486293179682,"meta":{"2":{"dim":2,"start":0,"zmlevel":0,"end":21},"1":{"dim":1,"start":3795,"zmlevel":4,"end":4047},"0":{"dim":0,"start":3012,"zmlevel":4,"end":3262}}},"0-3012-3262-4x1-759-1011-4x2-0-21-0":{"factor":0.364486293179682,"meta":{"2":{"dim":2,"start":0,"zmlevel":0,"end":21},"1":{"dim":1,"start":759,"zmlevel":4,"end":1011},"0":{"dim":0,"start":3012,"zmlevel":4,"end":3262}}},"0-2008-2258-4x1-2783-3035-4x2-0-21-0":{"factor":0.364486293179682,"meta":{"2":{"dim":2,"start":0,"zmlevel":0,"end":21},"1":{"dim":1,"start":2783,"zmlevel":4,"end":3035},"0":{"dim":0,"start":2008,"zmlevel":4,"end":2258}}},"0-1004-1254-4x1-3542-3794-4x2-0-21-0":{"factor":0.364486293179682,"meta":{"2":{"dim":2,"start":0,"zmlevel":0,"end":21},"1":{"dim":1,"start":3542,"zmlevel":4,"end":3794},"0":{"dim":0,"start":1004,"zmlevel":4,"end":1254}}},"0-502-752-4x1-1265-1517-4x2-0-21-0":{"factor":0.364486293179682,"meta":{"2":{"dim":2,"start":0,"zmlevel":0,"end":21},"1":{"dim":1,"start":1265,"zmlevel":4,"end":1517},"0":{"dim":0,"start":502,"zmlevel":4,"end":752}}},"0-753-1003-4x1-759-1011-4x2-0-21-0":{"factor":0.364486293179682,"meta":{"2":{"dim":2,"start":0,"zmlevel":0,"end":21},"1":{"dim":1,"start":759,"zmlevel":4,"end":1011},"0":{"dim":0,"start":753,"zmlevel":4,"end":1003}}},"0-753-1003-4x1-3795-4047-4x2-0-21-0":{"factor":0.364486293179682,"meta":{"2":{"dim":2,"start":0,"zmlevel":0,"end":21},"1":{"dim":1,"start":3795,"zmlevel":4,"end":4047},"0":{"dim":0,"start":753,"zmlevel":4,"end":1003}}},"0-2259-2509-4x1-3036-3288-4x2-0-21-0":{"factor":0.364486293179682,"meta":{"2":{"dim":2,"start":0,"zmlevel":0,"end":21},"1":{"dim":1,"start":3036,"zmlevel":4,"end":3288},"0":{"dim":0,"start":2259,"zmlevel":4,"end":2509}}},"0-1757-2007-4x1-1265-1517-4x2-0-21-0":{"factor":0.364486293179682,"meta":{"2":{"dim":2,"start":0,"zmlevel":0,"end":21},"1":{"dim":1,"start":1265,"zmlevel":4,"end":1517},"0":{"dim":0,"start":1757,"zmlevel":4,"end":2007}}},"0-3514-3764-4x1-1265-1517-4x2-0-21-0":{"factor":0.364486293179682,"meta":{"2":{"dim":2,"start":0,"zmlevel":0,"end":21},"1":{"dim":1,"start":1265,"zmlevel":4,"end":1517},"0":{"dim":0,"start":3514,"zmlevel":4,"end":3764}}},"0-3514-3764-4x1-253-505-4x2-0-21-0":{"factor":0.364486293179682,"meta":{"2":{"dim":2,"start":0,"zmlevel":0,"end":21},"1":{"dim":1,"start":253,"zmlevel":4,"end":505},"0":{"dim":0,"start":3514,"zmlevel":4,"end":3764}}},"0-1757-2007-4x1-3542-3794-4x2-0-21-0":{"factor":0.364486293179682,"meta":{"2":{"dim":2,"start":0,"zmlevel":0,"end":21},"1":{"dim":1,"start":3542,"zmlevel":4,"end":3794},"0":{"dim":0,"start":1757,"zmlevel":4,"end":2007}}},"0-502-752-4x1-759-1011-4x2-0-21-0":{"factor":0.364486293179682,"meta":{"2":{"dim":2,"start":0,"zmlevel":0,"end":21},"1":{"dim":1,"start":759,"zmlevel":4,"end":1011},"0":{"dim":0,"start":502,"zmlevel":4,"end":752}}},"0-3514-3764-4x1-1518-1770-4x2-0-21-0":{"factor":0.364486293179682,"meta":{"2":{"dim":2,"start":0,"zmlevel":0,"end":21},"1":{"dim":1,"start":1518,"zmlevel":4,"end":1770},"0":{"dim":0,"start":3514,"zmlevel":4,"end":3764}}},"0-2510-2760-4x1-2783-3035-4x2-0-21-0":{"factor":0.364486293179682,"meta":{"2":{"dim":2,"start":0,"zmlevel":0,"end":21},"1":{"dim":1,"start":2783,"zmlevel":4,"end":3035},"0":{"dim":0,"start":2510,"zmlevel":4,"end":2760}}},"0-251-501-4x1-506-758-4x2-0-21-0":{"factor":0.364486293179682,"meta":{"2":{"dim":2,"start":0,"zmlevel":0,"end":21},"1":{"dim":1,"start":506,"zmlevel":4,"end":758},"0":{"dim":0,"start":251,"zmlevel":4,"end":501}}},"0-1506-1756-4x1-1265-1517-4x2-0-21-0":{"factor":0.364486293179682,"meta":{"2":{"dim":2,"start":0,"zmlevel":0,"end":21},"1":{"dim":1,"start":1265,"zmlevel":4,"end":1517},"0":{"dim":0,"start":1506,"zmlevel":4,"end":1756}}},"0-3012-3262-4x1-2277-2529-4x2-0-21-0":{"factor":0.364486293179682,"meta":{"2":{"dim":2,"start":0,"zmlevel":0,"end":21},"1":{"dim":1,"start":2277,"zmlevel":4,"end":2529},"0":{"dim":0,"start":3012,"zmlevel":4,"end":3262}}},"0-3514-3764-4x1-2783-3035-4x2-0-21-0":{"factor":0.364486293179682,"meta":{"2":{"dim":2,"start":0,"zmlevel":0,"end":21},"1":{"dim":1,"start":2783,"zmlevel":4,"end":3035},"0":{"dim":0,"start":3514,"zmlevel":4,"end":3764}}},"0-0-250-4x1-1265-1517-4x2-0-21-0":{"factor":0.364486293179682,"meta":{"2":{"dim":2,"start":0,"zmlevel":0,"end":21},"1":{"dim":1,"start":1265,"zmlevel":4,"end":1517},"0":{"dim":0,"start":0,"zmlevel":4,"end":250}}},"0-2008-2258-4x1-3289-3541-4x2-0-21-0":{"factor":0.364486293179682,"meta":{"2":{"dim":2,"start":0,"zmlevel":0,"end":21},"1":{"dim":1,"start":3289,"zmlevel":4,"end":3541},"0":{"dim":0,"start":2008,"zmlevel":4,"end":2258}}},"0-1757-2007-4x1-2024-2276-4x2-0-21-0":{"factor":0.364486293179682,"meta":{"2":{"dim":2,"start":0,"zmlevel":0,"end":21},"1":{"dim":1,"start":2024,"zmlevel":4,"end":2276},"0":{"dim":0,"start":1757,"zmlevel":4,"end":2007}}},"0-3012-3262-4x1-0-252-4x2-0-21-0":{"factor":0.364486293179682,"meta":{"2":{"dim":2,"start":0,"zmlevel":0,"end":21},"1":{"dim":1,"start":0,"zmlevel":4,"end":252},"0":{"dim":0,"start":3012,"zmlevel":4,"end":3262}}},"0-3765-4015-4x1-3795-4047-4x2-0-21-0":{"factor":0.364486293179682,"meta":{"2":{"dim":2,"start":0,"zmlevel":0,"end":21},"1":{"dim":1,"start":3795,"zmlevel":4,"end":4047},"0":{"dim":0,"start":3765,"zmlevel":4,"end":4015}}},"0-3765-4015-4x1-1012-1264-4x2-0-21-0":{"factor":0.364486293179682,"meta":{"2":{"dim":2,"start":0,"zmlevel":0,"end":21},"1":{"dim":1,"start":1012,"zmlevel":4,"end":1264},"0":{"dim":0,"start":3765,"zmlevel":4,"end":4015}}},"0-251-501-4x1-2783-3035-4x2-0-21-0":{"factor":0.364486293179682,"meta":{"2":{"dim":2,"start":0,"zmlevel":0,"end":21},"1":{"dim":1,"start":2783,"zmlevel":4,"end":3035},"0":{"dim":0,"start":251,"zmlevel":4,"end":501}}},"0-753-1003-4x1-1012-1264-4x2-0-21-0":{"factor":0.364486293179682,"meta":{"2":{"dim":2,"start":0,"zmlevel":0,"end":21},"1":{"dim":1,"start":1012,"zmlevel":4,"end":1264},"0":{"dim":0,"start":753,"zmlevel":4,"end":1003}}},"0-251-501-4x1-2024-2276-4x2-0-21-0":{"factor":0.364486293179682,"meta":{"2":{"dim":2,"start":0,"zmlevel":0,"end":21},"1":{"dim":1,"start":2024,"zmlevel":4,"end":2276},"0":{"dim":0,"start":251,"zmlevel":4,"end":501}}},"0-1757-2007-4x1-759-1011-4x2-0-21-0":{"factor":0.364486293179682,"meta":{"2":{"dim":2,"start":0,"zmlevel":0,"end":21},"1":{"dim":1,"start":759,"zmlevel":4,"end":1011},"0":{"dim":0,"start":1757,"zmlevel":4,"end":2007}}},"0-2761-3011-4x1-3289-3541-4x2-0-21-0":{"factor":0.364486293179682,"meta":{"2":{"dim":2,"start":0,"zmlevel":0,"end":21},"1":{"dim":1,"start":3289,"zmlevel":4,"end":3541},"0":{"dim":0,"start":2761,"zmlevel":4,"end":3011}}},"0-3765-4015-4x1-3036-3288-4x2-0-21-0":{"factor":0.364486293179682,"meta":{"2":{"dim":2,"start":0,"zmlevel":0,"end":21},"1":{"dim":1,"start":3036,"zmlevel":4,"end":3288},"0":{"dim":0,"start":3765,"zmlevel":4,"end":4015}}},"0-1757-2007-4x1-3036-3288-4x2-0-21-0":{"factor":0.364486293179682,"meta":{"2":{"dim":2,"start":0,"zmlevel":0,"end":21},"1":{"dim":1,"start":3036,"zmlevel":4,"end":3288},"0":{"dim":0,"start":1757,"zmlevel":4,"end":2007}}},"0-1004-1254-4x1-3036-3288-4x2-0-21-0":{"factor":0.364486293179682,"meta":{"2":{"dim":2,"start":0,"zmlevel":0,"end":21},"1":{"dim":1,"start":3036,"zmlevel":4,"end":3288},"0":{"dim":0,"start":1004,"zmlevel":4,"end":1254}}},"0-2008-2258-4x1-1518-1770-4x2-0-21-0":{"factor":0.364486293179682,"meta":{"2":{"dim":2,"start":0,"zmlevel":0,"end":21},"1":{"dim":1,"start":1518,"zmlevel":4,"end":1770},"0":{"dim":0,"start":2008,"zmlevel":4,"end":2258}}}}