{"0-251-501-1x1-253-505-1x3-0-11-0":{"factor":0.014525032436690274,"meta":{"3":{"dim":3,"start":0,"zmlevel":0,"end":11},"1":{"dim":1,"start":253,"zmlevel":1,"end":505},"0":{"dim":0,"start":251,"zmlevel":1,"end":501}}},"0-0-250-1x1-0-252-1x3-0-11-0":{"factor":0.014525032436690274,"meta":{"3":{"dim":3,"start":0,"zmlevel":0,"end":11},"1":{"dim":1,"start":0,"zmlevel":1,"end":252},"0":{"dim":0,"start":0,"zmlevel":1,"end":250}}},"globalMinProj":{"0x1":1},"0-0-250-1x1-253-505-1x3-0-11-0":{"factor":0.014525032436690274,"meta":{"3":{"dim":3,"start":0,"zmlevel":0,"end":11},"1":{"dim":1,"start":253,"zmlevel":1,"end":505},"0":{"dim":0,"start":0,"zmlevel":1,"end":250}}},"globalMaxProj":{"0x1":48388805},"0-251-501-1x1-0-252-1x3-0-11-0":{"factor":0.014525032436690274,"meta":{"3":{"dim":3,"start":0,"zmlevel":0,"end":11},"1":{"dim":1,"start":0,"zmlevel":1,"end":252},"0":{"dim":0,"start":251,"zmlevel":1,"end":501}}}}