{"0-512-767-3x1-768-1023-3x3-0-30-0":{"dataSum":60,"pixSum":60,"pixMax":6,"factor":1.0,"meta":{"3":{"dim":3,"start":0,"zmlevel":0,"end":30},"1":{"dim":1,"start":768,"zmlevel":3,"end":1023},"0":{"dim":0,"start":512,"zmlevel":3,"end":767}}},"globalMinProj":{"0x1":1},"0-256-511-3x1-256-511-3x3-0-30-0":{"dataSum":1630541,"pixSum":1630541,"pixMax":2651,"factor":1.0,"meta":{"3":{"dim":3,"start":0,"zmlevel":0,"end":30},"1":{"dim":1,"start":256,"zmlevel":3,"end":511},"0":{"dim":0,"start":256,"zmlevel":3,"end":511}}},"0-768-1023-3x1-256-511-3x3-0-30-0":{"dataSum":532247,"pixSum":532247,"pixMax":6276,"factor":1.0,"meta":{"3":{"dim":3,"start":0,"zmlevel":0,"end":30},"1":{"dim":1,"start":256,"zmlevel":3,"end":511},"0":{"dim":0,"start":768,"zmlevel":3,"end":1023}}},"0-0-255-3x1-256-511-3x3-0-30-0":{"dataSum":1645168,"pixSum":1645168,"pixMax":3353,"factor":1.0,"meta":{"3":{"dim":3,"start":0,"zmlevel":0,"end":30},"1":{"dim":1,"start":256,"zmlevel":3,"end":511},"0":{"dim":0,"start":0,"zmlevel":3,"end":255}}},"0-256-511-3x1-768-1023-3x3-0-30-0":{"dataSum":45,"pixSum":45,"pixMax":5,"factor":1.0,"meta":{"3":{"dim":3,"start":0,"zmlevel":0,"end":30},"1":{"dim":1,"start":768,"zmlevel":3,"end":1023},"0":{"dim":0,"start":256,"zmlevel":3,"end":511}}},"0-768-1023-3x1-768-1023-3x3-0-30-0":{"dataSum":0,"pixSum":0,"pixMax":0,"factor":1.0,"meta":{"3":{"dim":3,"start":0,"zmlevel":0,"end":30},"1":{"dim":1,"start":768,"zmlevel":3,"end":1023},"0":{"dim":0,"start":768,"zmlevel":3,"end":1023}}},"0-256-511-3x1-512-767-3x3-0-30-0":{"dataSum":36421,"pixSum":36421,"pixMax":259,"factor":1.0,"meta":{"3":{"dim":3,"start":0,"zmlevel":0,"end":30},"1":{"dim":1,"start":512,"zmlevel":3,"end":767},"0":{"dim":0,"start":256,"zmlevel":3,"end":511}}},"0-256-511-3x1-0-255-3x3-0-30-0":{"dataSum":7,"pixSum":7,"pixMax":2,"factor":1.0,"meta":{"3":{"dim":3,"start":0,"zmlevel":0,"end":30},"1":{"dim":1,"start":0,"zmlevel":3,"end":255},"0":{"dim":0,"start":256,"zmlevel":3,"end":511}}},"0-0-255-3x1-768-1023-3x3-0-30-0":{"dataSum":0,"pixSum":0,"pixMax":0,"factor":1.0,"meta":{"3":{"dim":3,"start":0,"zmlevel":0,"end":30},"1":{"dim":1,"start":768,"zmlevel":3,"end":1023},"0":{"dim":0,"start":0,"zmlevel":3,"end":255}}},"0-512-767-3x1-512-767-3x3-0-30-0":{"dataSum":10109,"pixSum":10109,"pixMax":106,"factor":1.0,"meta":{"3":{"dim":3,"start":0,"zmlevel":0,"end":30},"1":{"dim":1,"start":512,"zmlevel":3,"end":767},"0":{"dim":0,"start":512,"zmlevel":3,"end":767}}},"0-512-767-3x1-256-511-3x3-0-30-0":{"dataSum":506385,"pixSum":506385,"pixMax":1011,"factor":1.0,"meta":{"3":{"dim":3,"start":0,"zmlevel":0,"end":30},"1":{"dim":1,"start":256,"zmlevel":3,"end":511},"0":{"dim":0,"start":512,"zmlevel":3,"end":767}}},"0-512-767-3x1-0-255-3x3-0-30-0":{"dataSum":2078,"pixSum":2078,"pixMax":31,"factor":1.0,"meta":{"3":{"dim":3,"start":0,"zmlevel":0,"end":30},"1":{"dim":1,"start":0,"zmlevel":3,"end":255},"0":{"dim":0,"start":512,"zmlevel":3,"end":767}}},"0-768-1023-3x1-512-767-3x3-0-30-0":{"dataSum":125537,"pixSum":125537,"pixMax":694,"factor":1.0,"meta":{"3":{"dim":3,"start":0,"zmlevel":0,"end":30},"1":{"dim":1,"start":512,"zmlevel":3,"end":767},"0":{"dim":0,"start":768,"zmlevel":3,"end":1023}}},"0-0-255-3x1-0-255-3x3-0-30-0":{"dataSum":45,"pixSum":45,"pixMax":6,"factor":1.0,"meta":{"3":{"dim":3,"start":0,"zmlevel":0,"end":30},"1":{"dim":1,"start":0,"zmlevel":3,"end":255},"0":{"dim":0,"start":0,"zmlevel":3,"end":255}}},"0-0-255-3x1-512-767-3x3-0-30-0":{"dataSum":2481,"pixSum":2481,"pixMax":118,"factor":1.0,"meta":{"3":{"dim":3,"start":0,"zmlevel":0,"end":30},"1":{"dim":1,"start":512,"zmlevel":3,"end":767},"0":{"dim":0,"start":0,"zmlevel":3,"end":255}}},"0-768-1023-3x1-0-255-3x3-0-30-0":{"dataSum":1,"pixSum":1,"pixMax":1,"factor":1.0,"meta":{"3":{"dim":3,"start":0,"zmlevel":0,"end":30},"1":{"dim":1,"start":0,"zmlevel":3,"end":255},"0":{"dim":0,"start":768,"zmlevel":3,"end":1023}}},"globalMaxProj":{"0x1":176988}}