{"0-1536-1791-4x1-256-511-4x5-0-29-1":{"dataSum":0,"pixMax":0,"pixSum":0,"factor":1.0,"meta":{"1":{"dim":1,"start":256,"zmlevel":4,"end":511},"0":{"dim":0,"start":1536,"zmlevel":4,"end":1791},"5":{"dim":5,"start":0,"zmlevel":1,"end":29}}},"0-1280-1535-4x1-1280-1535-4x5-0-29-1":{"dataSum":0,"pixMax":0,"pixSum":0,"factor":1.0,"meta":{"1":{"dim":1,"start":1280,"zmlevel":4,"end":1535},"0":{"dim":0,"start":1280,"zmlevel":4,"end":1535},"5":{"dim":5,"start":0,"zmlevel":1,"end":29}}},"0-512-767-4x1-512-767-4x5-0-29-1":{"dataSum":1299,"pixMax":524,"pixSum":1299,"factor":1.0,"meta":{"1":{"dim":1,"start":512,"zmlevel":4,"end":767},"0":{"dim":0,"start":512,"zmlevel":4,"end":767},"5":{"dim":5,"start":0,"zmlevel":1,"end":29}}},"0-1792-2047-4x1-1280-1535-4x5-0-29-1":{"dataSum":578,"pixMax":435,"pixSum":578,"factor":1.0,"meta":{"1":{"dim":1,"start":1280,"zmlevel":4,"end":1535},"0":{"dim":0,"start":1792,"zmlevel":4,"end":2047},"5":{"dim":5,"start":0,"zmlevel":1,"end":29}}},"0-0-255-4x1-1536-1791-4x5-0-29-1":{"dataSum":0,"pixMax":0,"pixSum":0,"factor":1.0,"meta":{"1":{"dim":1,"start":1536,"zmlevel":4,"end":1791},"0":{"dim":0,"start":0,"zmlevel":4,"end":255},"5":{"dim":5,"start":0,"zmlevel":1,"end":29}}},"0-768-1023-4x1-1792-2047-4x5-0-29-1":{"dataSum":0,"pixMax":0,"pixSum":0,"factor":1.0,"meta":{"1":{"dim":1,"start":1792,"zmlevel":4,"end":2047},"0":{"dim":0,"start":768,"zmlevel":4,"end":1023},"5":{"dim":5,"start":0,"zmlevel":1,"end":29}}},"0-1280-1535-4x1-512-767-4x5-0-29-1":{"dataSum":5,"pixMax":3,"pixSum":5,"factor":1.0,"meta":{"1":{"dim":1,"start":512,"zmlevel":4,"end":767},"0":{"dim":0,"start":1280,"zmlevel":4,"end":1535},"5":{"dim":5,"start":0,"zmlevel":1,"end":29}}},"0-0-255-4x1-1792-2047-4x5-0-29-1":{"dataSum":0,"pixMax":0,"pixSum":0,"factor":1.0,"meta":{"1":{"dim":1,"start":1792,"zmlevel":4,"end":2047},"0":{"dim":0,"start":0,"zmlevel":4,"end":255},"5":{"dim":5,"start":0,"zmlevel":1,"end":29}}},"0-0-255-4x1-1280-1535-4x5-0-29-1":{"dataSum":0,"pixMax":0,"pixSum":0,"factor":1.0,"meta":{"1":{"dim":1,"start":1280,"zmlevel":4,"end":1535},"0":{"dim":0,"start":0,"zmlevel":4,"end":255},"5":{"dim":5,"start":0,"zmlevel":1,"end":29}}},"0-768-1023-4x1-768-1023-4x5-0-29-1":{"dataSum":20,"pixMax":7,"pixSum":20,"factor":1.0,"meta":{"1":{"dim":1,"start":768,"zmlevel":4,"end":1023},"0":{"dim":0,"start":768,"zmlevel":4,"end":1023},"5":{"dim":5,"start":0,"zmlevel":1,"end":29}}},"0-1024-1279-4x1-256-511-4x5-0-29-1":{"dataSum":97,"pixMax":36,"pixSum":97,"factor":1.0,"meta":{"1":{"dim":1,"start":256,"zmlevel":4,"end":511},"0":{"dim":0,"start":1024,"zmlevel":4,"end":1279},"5":{"dim":5,"start":0,"zmlevel":1,"end":29}}},"0-512-767-4x1-0-255-4x5-0-29-1":{"dataSum":0,"pixMax":0,"pixSum":0,"factor":1.0,"meta":{"1":{"dim":1,"start":0,"zmlevel":4,"end":255},"0":{"dim":0,"start":512,"zmlevel":4,"end":767},"5":{"dim":5,"start":0,"zmlevel":1,"end":29}}},"0-1280-1535-4x1-256-511-4x5-0-29-1":{"dataSum":0,"pixMax":0,"pixSum":0,"factor":1.0,"meta":{"1":{"dim":1,"start":256,"zmlevel":4,"end":511},"0":{"dim":0,"start":1280,"zmlevel":4,"end":1535},"5":{"dim":5,"start":0,"zmlevel":1,"end":29}}},"0-256-511-4x1-1024-1279-4x5-0-29-1":{"dataSum":21,"pixMax":21,"pixSum":21,"factor":1.0,"meta":{"1":{"dim":1,"start":1024,"zmlevel":4,"end":1279},"0":{"dim":0,"start":256,"zmlevel":4,"end":511},"5":{"dim":5,"start":0,"zmlevel":1,"end":29}}},"0-256-511-4x1-512-767-4x5-0-29-1":{"dataSum":2459,"pixMax":557,"pixSum":2459,"factor":1.0,"meta":{"1":{"dim":1,"start":512,"zmlevel":4,"end":767},"0":{"dim":0,"start":256,"zmlevel":4,"end":511},"5":{"dim":5,"start":0,"zmlevel":1,"end":29}}},"0-768-1023-4x1-512-767-4x5-0-29-1":{"dataSum":243,"pixMax":21,"pixSum":243,"factor":1.0,"meta":{"1":{"dim":1,"start":512,"zmlevel":4,"end":767},"0":{"dim":0,"start":768,"zmlevel":4,"end":1023},"5":{"dim":5,"start":0,"zmlevel":1,"end":29}}},"0-1792-2047-4x1-1536-1791-4x5-0-29-1":{"dataSum":0,"pixMax":0,"pixSum":0,"factor":1.0,"meta":{"1":{"dim":1,"start":1536,"zmlevel":4,"end":1791},"0":{"dim":0,"start":1792,"zmlevel":4,"end":2047},"5":{"dim":5,"start":0,"zmlevel":1,"end":29}}},"0-1792-2047-4x1-512-767-4x5-0-29-1":{"dataSum":26,"pixMax":20,"pixSum":26,"factor":1.0,"meta":{"1":{"dim":1,"start":512,"zmlevel":4,"end":767},"0":{"dim":0,"start":1792,"zmlevel":4,"end":2047},"5":{"dim":5,"start":0,"zmlevel":1,"end":29}}},"0-0-255-4x1-1024-1279-4x5-0-29-1":{"dataSum":13,"pixMax":5,"pixSum":13,"factor":1.0,"meta":{"1":{"dim":1,"start":1024,"zmlevel":4,"end":1279},"0":{"dim":0,"start":0,"zmlevel":4,"end":255},"5":{"dim":5,"start":0,"zmlevel":1,"end":29}}},"0-256-511-4x1-1792-2047-4x5-0-29-1":{"dataSum":0,"pixMax":0,"pixSum":0,"factor":1.0,"meta":{"1":{"dim":1,"start":1792,"zmlevel":4,"end":2047},"0":{"dim":0,"start":256,"zmlevel":4,"end":511},"5":{"dim":5,"start":0,"zmlevel":1,"end":29}}},"globalMinProj":{"0x1":1},"0-512-767-4x1-1024-1279-4x5-0-29-1":{"dataSum":40,"pixMax":7,"pixSum":40,"factor":1.0,"meta":{"1":{"dim":1,"start":1024,"zmlevel":4,"end":1279},"0":{"dim":0,"start":512,"zmlevel":4,"end":767},"5":{"dim":5,"start":0,"zmlevel":1,"end":29}}},"0-0-255-4x1-512-767-4x5-0-29-1":{"dataSum":2076,"pixMax":2064,"pixSum":2076,"factor":1.0,"meta":{"1":{"dim":1,"start":512,"zmlevel":4,"end":767},"0":{"dim":0,"start":0,"zmlevel":4,"end":255},"5":{"dim":5,"start":0,"zmlevel":1,"end":29}}},"0-0-255-4x1-768-1023-4x5-0-29-1":{"dataSum":192,"pixMax":74,"pixSum":192,"factor":1.0,"meta":{"1":{"dim":1,"start":768,"zmlevel":4,"end":1023},"0":{"dim":0,"start":0,"zmlevel":4,"end":255},"5":{"dim":5,"start":0,"zmlevel":1,"end":29}}},"0-1792-2047-4x1-768-1023-4x5-0-29-1":{"dataSum":392,"pixMax":47,"pixSum":392,"factor":1.0,"meta":{"1":{"dim":1,"start":768,"zmlevel":4,"end":1023},"0":{"dim":0,"start":1792,"zmlevel":4,"end":2047},"5":{"dim":5,"start":0,"zmlevel":1,"end":29}}},"0-1280-1535-4x1-768-1023-4x5-0-29-1":{"dataSum":72,"pixMax":15,"pixSum":72,"factor":1.0,"meta":{"1":{"dim":1,"start":768,"zmlevel":4,"end":1023},"0":{"dim":0,"start":1280,"zmlevel":4,"end":1535},"5":{"dim":5,"start":0,"zmlevel":1,"end":29}}},"0-0-255-4x1-0-255-4x5-0-29-1":{"dataSum":0,"pixMax":0,"pixSum":0,"factor":1.0,"meta":{"1":{"dim":1,"start":0,"zmlevel":4,"end":255},"0":{"dim":0,"start":0,"zmlevel":4,"end":255},"5":{"dim":5,"start":0,"zmlevel":1,"end":29}}},"0-1792-2047-4x1-256-511-4x5-0-29-1":{"dataSum":0,"pixMax":0,"pixSum":0,"factor":1.0,"meta":{"1":{"dim":1,"start":256,"zmlevel":4,"end":511},"0":{"dim":0,"start":1792,"zmlevel":4,"end":2047},"5":{"dim":5,"start":0,"zmlevel":1,"end":29}}},"0-1024-1279-4x1-512-767-4x5-0-29-1":{"dataSum":1716,"pixMax":389,"pixSum":1716,"factor":1.0,"meta":{"1":{"dim":1,"start":512,"zmlevel":4,"end":767},"0":{"dim":0,"start":1024,"zmlevel":4,"end":1279},"5":{"dim":5,"start":0,"zmlevel":1,"end":29}}},"0-256-511-4x1-1280-1535-4x5-0-29-1":{"dataSum":0,"pixMax":0,"pixSum":0,"factor":1.0,"meta":{"1":{"dim":1,"start":1280,"zmlevel":4,"end":1535},"0":{"dim":0,"start":256,"zmlevel":4,"end":511},"5":{"dim":5,"start":0,"zmlevel":1,"end":29}}},"0-768-1023-4x1-256-511-4x5-0-29-1":{"dataSum":0,"pixMax":0,"pixSum":0,"factor":1.0,"meta":{"1":{"dim":1,"start":256,"zmlevel":4,"end":511},"0":{"dim":0,"start":768,"zmlevel":4,"end":1023},"5":{"dim":5,"start":0,"zmlevel":1,"end":29}}},"0-1536-1791-4x1-512-767-4x5-0-29-1":{"dataSum":101,"pixMax":18,"pixSum":101,"factor":1.0,"meta":{"1":{"dim":1,"start":512,"zmlevel":4,"end":767},"0":{"dim":0,"start":1536,"zmlevel":4,"end":1791},"5":{"dim":5,"start":0,"zmlevel":1,"end":29}}},"0-256-511-4x1-0-255-4x5-0-29-1":{"dataSum":0,"pixMax":0,"pixSum":0,"factor":1.0,"meta":{"1":{"dim":1,"start":0,"zmlevel":4,"end":255},"0":{"dim":0,"start":256,"zmlevel":4,"end":511},"5":{"dim":5,"start":0,"zmlevel":1,"end":29}}},"0-512-767-4x1-256-511-4x5-0-29-1":{"dataSum":0,"pixMax":0,"pixSum":0,"factor":1.0,"meta":{"1":{"dim":1,"start":256,"zmlevel":4,"end":511},"0":{"dim":0,"start":512,"zmlevel":4,"end":767},"5":{"dim":5,"start":0,"zmlevel":1,"end":29}}},"0-256-511-4x1-1536-1791-4x5-0-29-1":{"dataSum":0,"pixMax":0,"pixSum":0,"factor":1.0,"meta":{"1":{"dim":1,"start":1536,"zmlevel":4,"end":1791},"0":{"dim":0,"start":256,"zmlevel":4,"end":511},"5":{"dim":5,"start":0,"zmlevel":1,"end":29}}},"0-1536-1791-4x1-1024-1279-4x5-0-29-1":{"dataSum":71,"pixMax":10,"pixSum":71,"factor":1.0,"meta":{"1":{"dim":1,"start":1024,"zmlevel":4,"end":1279},"0":{"dim":0,"start":1536,"zmlevel":4,"end":1791},"5":{"dim":5,"start":0,"zmlevel":1,"end":29}}},"0-1536-1791-4x1-1536-1791-4x5-0-29-1":{"dataSum":0,"pixMax":0,"pixSum":0,"factor":1.0,"meta":{"1":{"dim":1,"start":1536,"zmlevel":4,"end":1791},"0":{"dim":0,"start":1536,"zmlevel":4,"end":1791},"5":{"dim":5,"start":0,"zmlevel":1,"end":29}}},"0-768-1023-4x1-1536-1791-4x5-0-29-1":{"dataSum":5,"pixMax":2,"pixSum":5,"factor":1.0,"meta":{"1":{"dim":1,"start":1536,"zmlevel":4,"end":1791},"0":{"dim":0,"start":768,"zmlevel":4,"end":1023},"5":{"dim":5,"start":0,"zmlevel":1,"end":29}}},"0-1792-2047-4x1-1024-1279-4x5-0-29-1":{"dataSum":514,"pixMax":64,"pixSum":514,"factor":1.0,"meta":{"1":{"dim":1,"start":1024,"zmlevel":4,"end":1279},"0":{"dim":0,"start":1792,"zmlevel":4,"end":2047},"5":{"dim":5,"start":0,"zmlevel":1,"end":29}}},"globalMaxProj":{"0x1":2064},"0-1280-1535-4x1-0-255-4x5-0-29-1":{"dataSum":0,"pixMax":0,"pixSum":0,"factor":1.0,"meta":{"1":{"dim":1,"start":0,"zmlevel":4,"end":255},"0":{"dim":0,"start":1280,"zmlevel":4,"end":1535},"5":{"dim":5,"start":0,"zmlevel":1,"end":29}}},"0-1280-1535-4x1-1792-2047-4x5-0-29-1":{"dataSum":0,"pixMax":0,"pixSum":0,"factor":1.0,"meta":{"1":{"dim":1,"start":1792,"zmlevel":4,"end":2047},"0":{"dim":0,"start":1280,"zmlevel":4,"end":1535},"5":{"dim":5,"start":0,"zmlevel":1,"end":29}}},"0-1280-1535-4x1-1024-1279-4x5-0-29-1":{"dataSum":4,"pixMax":2,"pixSum":4,"factor":1.0,"meta":{"1":{"dim":1,"start":1024,"zmlevel":4,"end":1279},"0":{"dim":0,"start":1280,"zmlevel":4,"end":1535},"5":{"dim":5,"start":0,"zmlevel":1,"end":29}}},"0-1024-1279-4x1-768-1023-4x5-0-29-1":{"dataSum":57,"pixMax":5,"pixSum":57,"factor":1.0,"meta":{"1":{"dim":1,"start":768,"zmlevel":4,"end":1023},"0":{"dim":0,"start":1024,"zmlevel":4,"end":1279},"5":{"dim":5,"start":0,"zmlevel":1,"end":29}}},"0-1024-1279-4x1-1024-1279-4x5-0-29-1":{"dataSum":9,"pixMax":3,"pixSum":9,"factor":1.0,"meta":{"1":{"dim":1,"start":1024,"zmlevel":4,"end":1279},"0":{"dim":0,"start":1024,"zmlevel":4,"end":1279},"5":{"dim":5,"start":0,"zmlevel":1,"end":29}}},"0-1024-1279-4x1-1280-1535-4x5-0-29-1":{"dataSum":0,"pixMax":0,"pixSum":0,"factor":1.0,"meta":{"1":{"dim":1,"start":1280,"zmlevel":4,"end":1535},"0":{"dim":0,"start":1024,"zmlevel":4,"end":1279},"5":{"dim":5,"start":0,"zmlevel":1,"end":29}}},"0-512-767-4x1-1536-1791-4x5-0-29-1":{"dataSum":0,"pixMax":0,"pixSum":0,"factor":1.0,"meta":{"1":{"dim":1,"start":1536,"zmlevel":4,"end":1791},"0":{"dim":0,"start":512,"zmlevel":4,"end":767},"5":{"dim":5,"start":0,"zmlevel":1,"end":29}}},"0-1536-1791-4x1-0-255-4x5-0-29-1":{"dataSum":0,"pixMax":0,"pixSum":0,"factor":1.0,"meta":{"1":{"dim":1,"start":0,"zmlevel":4,"end":255},"0":{"dim":0,"start":1536,"zmlevel":4,"end":1791},"5":{"dim":5,"start":0,"zmlevel":1,"end":29}}},"0-256-511-4x1-256-511-4x5-0-29-1":{"dataSum":0,"pixMax":0,"pixSum":0,"factor":1.0,"meta":{"1":{"dim":1,"start":256,"zmlevel":4,"end":511},"0":{"dim":0,"start":256,"zmlevel":4,"end":511},"5":{"dim":5,"start":0,"zmlevel":1,"end":29}}},"0-1280-1535-4x1-1536-1791-4x5-0-29-1":{"dataSum":0,"pixMax":0,"pixSum":0,"factor":1.0,"meta":{"1":{"dim":1,"start":1536,"zmlevel":4,"end":1791},"0":{"dim":0,"start":1280,"zmlevel":4,"end":1535},"5":{"dim":5,"start":0,"zmlevel":1,"end":29}}},"0-0-255-4x1-256-511-4x5-0-29-1":{"dataSum":0,"pixMax":0,"pixSum":0,"factor":1.0,"meta":{"1":{"dim":1,"start":256,"zmlevel":4,"end":511},"0":{"dim":0,"start":0,"zmlevel":4,"end":255},"5":{"dim":5,"start":0,"zmlevel":1,"end":29}}},"0-768-1023-4x1-1024-1279-4x5-0-29-1":{"dataSum":1,"pixMax":1,"pixSum":1,"factor":1.0,"meta":{"1":{"dim":1,"start":1024,"zmlevel":4,"end":1279},"0":{"dim":0,"start":768,"zmlevel":4,"end":1023},"5":{"dim":5,"start":0,"zmlevel":1,"end":29}}},"0-1024-1279-4x1-1792-2047-4x5-0-29-1":{"dataSum":1,"pixMax":1,"pixSum":1,"factor":1.0,"meta":{"1":{"dim":1,"start":1792,"zmlevel":4,"end":2047},"0":{"dim":0,"start":1024,"zmlevel":4,"end":1279},"5":{"dim":5,"start":0,"zmlevel":1,"end":29}}},"0-256-511-4x1-768-1023-4x5-0-29-1":{"dataSum":4677,"pixMax":674,"pixSum":4677,"factor":1.0,"meta":{"1":{"dim":1,"start":768,"zmlevel":4,"end":1023},"0":{"dim":0,"start":256,"zmlevel":4,"end":511},"5":{"dim":5,"start":0,"zmlevel":1,"end":29}}},"0-1536-1791-4x1-1792-2047-4x5-0-29-1":{"dataSum":0,"pixMax":0,"pixSum":0,"factor":1.0,"meta":{"1":{"dim":1,"start":1792,"zmlevel":4,"end":2047},"0":{"dim":0,"start":1536,"zmlevel":4,"end":1791},"5":{"dim":5,"start":0,"zmlevel":1,"end":29}}},"0-512-767-4x1-1280-1535-4x5-0-29-1":{"dataSum":0,"pixMax":0,"pixSum":0,"factor":1.0,"meta":{"1":{"dim":1,"start":1280,"zmlevel":4,"end":1535},"0":{"dim":0,"start":512,"zmlevel":4,"end":767},"5":{"dim":5,"start":0,"zmlevel":1,"end":29}}},"0-1792-2047-4x1-0-255-4x5-0-29-1":{"dataSum":0,"pixMax":0,"pixSum":0,"factor":1.0,"meta":{"1":{"dim":1,"start":0,"zmlevel":4,"end":255},"0":{"dim":0,"start":1792,"zmlevel":4,"end":2047},"5":{"dim":5,"start":0,"zmlevel":1,"end":29}}},"0-1792-2047-4x1-1792-2047-4x5-0-29-1":{"dataSum":0,"pixMax":0,"pixSum":0,"factor":1.0,"meta":{"1":{"dim":1,"start":1792,"zmlevel":4,"end":2047},"0":{"dim":0,"start":1792,"zmlevel":4,"end":2047},"5":{"dim":5,"start":0,"zmlevel":1,"end":29}}},"0-768-1023-4x1-1280-1535-4x5-0-29-1":{"dataSum":0,"pixMax":0,"pixSum":0,"factor":1.0,"meta":{"1":{"dim":1,"start":1280,"zmlevel":4,"end":1535},"0":{"dim":0,"start":768,"zmlevel":4,"end":1023},"5":{"dim":5,"start":0,"zmlevel":1,"end":29}}},"0-1536-1791-4x1-1280-1535-4x5-0-29-1":{"dataSum":0,"pixMax":0,"pixSum":0,"factor":1.0,"meta":{"1":{"dim":1,"start":1280,"zmlevel":4,"end":1535},"0":{"dim":0,"start":1536,"zmlevel":4,"end":1791},"5":{"dim":5,"start":0,"zmlevel":1,"end":29}}},"0-512-767-4x1-768-1023-4x5-0-29-1":{"dataSum":1591,"pixMax":135,"pixSum":1591,"factor":1.0,"meta":{"1":{"dim":1,"start":768,"zmlevel":4,"end":1023},"0":{"dim":0,"start":512,"zmlevel":4,"end":767},"5":{"dim":5,"start":0,"zmlevel":1,"end":29}}},"0-1024-1279-4x1-1536-1791-4x5-0-29-1":{"dataSum":0,"pixMax":0,"pixSum":0,"factor":1.0,"meta":{"1":{"dim":1,"start":1536,"zmlevel":4,"end":1791},"0":{"dim":0,"start":1024,"zmlevel":4,"end":1279},"5":{"dim":5,"start":0,"zmlevel":1,"end":29}}},"0-1536-1791-4x1-768-1023-4x5-0-29-1":{"dataSum":392,"pixMax":53,"pixSum":392,"factor":1.0,"meta":{"1":{"dim":1,"start":768,"zmlevel":4,"end":1023},"0":{"dim":0,"start":1536,"zmlevel":4,"end":1791},"5":{"dim":5,"start":0,"zmlevel":1,"end":29}}},"0-768-1023-4x1-0-255-4x5-0-29-1":{"dataSum":0,"pixMax":0,"pixSum":0,"factor":1.0,"meta":{"1":{"dim":1,"start":0,"zmlevel":4,"end":255},"0":{"dim":0,"start":768,"zmlevel":4,"end":1023},"5":{"dim":5,"start":0,"zmlevel":1,"end":29}}},"0-512-767-4x1-1792-2047-4x5-0-29-1":{"dataSum":0,"pixMax":0,"pixSum":0,"factor":1.0,"meta":{"1":{"dim":1,"start":1792,"zmlevel":4,"end":2047},"0":{"dim":0,"start":512,"zmlevel":4,"end":767},"5":{"dim":5,"start":0,"zmlevel":1,"end":29}}},"0-1024-1279-4x1-0-255-4x5-0-29-1":{"dataSum":0,"pixMax":0,"pixSum":0,"factor":1.0,"meta":{"1":{"dim":1,"start":0,"zmlevel":4,"end":255},"0":{"dim":0,"start":1024,"zmlevel":4,"end":1279},"5":{"dim":5,"start":0,"zmlevel":1,"end":29}}}}