{"0-0-250-2x1-253-505-2x2-0-21-0":{"factor":0.05613170458458171,"meta":{"2":{"dim":2,"start":0,"zmlevel":0,"end":21},"1":{"dim":1,"start":253,"zmlevel":2,"end":505},"0":{"dim":0,"start":0,"zmlevel":2,"end":250}}},"0-502-752-2x1-759-1011-2x2-0-21-0":{"factor":0.05613170458458171,"meta":{"2":{"dim":2,"start":0,"zmlevel":0,"end":21},"1":{"dim":1,"start":759,"zmlevel":2,"end":1011},"0":{"dim":0,"start":502,"zmlevel":2,"end":752}}},"globalMinProj":{"0x1":1},"0-0-250-2x1-0-252-2x2-0-21-0":{"factor":0.05613170458458171,"meta":{"2":{"dim":2,"start":0,"zmlevel":0,"end":21},"1":{"dim":1,"start":0,"zmlevel":2,"end":252},"0":{"dim":0,"start":0,"zmlevel":2,"end":250}}},"0-251-501-2x1-759-1011-2x2-0-21-0":{"factor":0.05613170458458171,"meta":{"2":{"dim":2,"start":0,"zmlevel":0,"end":21},"1":{"dim":1,"start":759,"zmlevel":2,"end":1011},"0":{"dim":0,"start":251,"zmlevel":2,"end":501}}},"0-251-501-2x1-0-252-2x2-0-21-0":{"factor":0.05613170458458171,"meta":{"2":{"dim":2,"start":0,"zmlevel":0,"end":21},"1":{"dim":1,"start":0,"zmlevel":2,"end":252},"0":{"dim":0,"start":251,"zmlevel":2,"end":501}}},"0-0-250-2x1-759-1011-2x2-0-21-0":{"factor":0.05613170458458171,"meta":{"2":{"dim":2,"start":0,"zmlevel":0,"end":21},"1":{"dim":1,"start":759,"zmlevel":2,"end":1011},"0":{"dim":0,"start":0,"zmlevel":2,"end":250}}},"0-251-501-2x1-253-505-2x2-0-21-0":{"factor":0.05613170458458171,"meta":{"2":{"dim":2,"start":0,"zmlevel":0,"end":21},"1":{"dim":1,"start":253,"zmlevel":2,"end":505},"0":{"dim":0,"start":251,"zmlevel":2,"end":501}}},"0-753-1003-2x1-0-252-2x2-0-21-0":{"factor":0.05613170458458171,"meta":{"2":{"dim":2,"start":0,"zmlevel":0,"end":21},"1":{"dim":1,"start":0,"zmlevel":2,"end":252},"0":{"dim":0,"start":753,"zmlevel":2,"end":1003}}},"0-251-501-2x1-506-758-2x2-0-21-0":{"factor":0.05613170458458171,"meta":{"2":{"dim":2,"start":0,"zmlevel":0,"end":21},"1":{"dim":1,"start":506,"zmlevel":2,"end":758},"0":{"dim":0,"start":251,"zmlevel":2,"end":501}}},"0-502-752-2x1-506-758-2x2-0-21-0":{"factor":0.05613170458458171,"meta":{"2":{"dim":2,"start":0,"zmlevel":0,"end":21},"1":{"dim":1,"start":506,"zmlevel":2,"end":758},"0":{"dim":0,"start":502,"zmlevel":2,"end":752}}},"0-753-1003-2x1-253-505-2x2-0-21-0":{"factor":0.05613170458458171,"meta":{"2":{"dim":2,"start":0,"zmlevel":0,"end":21},"1":{"dim":1,"start":253,"zmlevel":2,"end":505},"0":{"dim":0,"start":753,"zmlevel":2,"end":1003}}},"0-502-752-2x1-0-252-2x2-0-21-0":{"factor":0.05613170458458171,"meta":{"2":{"dim":2,"start":0,"zmlevel":0,"end":21},"1":{"dim":1,"start":0,"zmlevel":2,"end":252},"0":{"dim":0,"start":502,"zmlevel":2,"end":752}}},"0-753-1003-2x1-759-1011-2x2-0-21-0":{"factor":0.05613170458458171,"meta":{"2":{"dim":2,"start":0,"zmlevel":0,"end":21},"1":{"dim":1,"start":759,"zmlevel":2,"end":1011},"0":{"dim":0,"start":753,"zmlevel":2,"end":1003}}},"0-502-752-2x1-253-505-2x2-0-21-0":{"factor":0.05613170458458171,"meta":{"2":{"dim":2,"start":0,"zmlevel":0,"end":21},"1":{"dim":1,"start":253,"zmlevel":2,"end":505},"0":{"dim":0,"start":502,"zmlevel":2,"end":752}}},"0-0-250-2x1-506-758-2x2-0-21-0":{"factor":0.05613170458458171,"meta":{"2":{"dim":2,"start":0,"zmlevel":0,"end":21},"1":{"dim":1,"start":506,"zmlevel":2,"end":758},"0":{"dim":0,"start":0,"zmlevel":2,"end":250}}},"globalMaxProj":{"0x1":19074680},"0-753-1003-2x1-506-758-2x2-0-21-0":{"factor":0.05613170458458171,"meta":{"2":{"dim":2,"start":0,"zmlevel":0,"end":21},"1":{"dim":1,"start":506,"zmlevel":2,"end":758},"0":{"dim":0,"start":753,"zmlevel":2,"end":1003}}}}