{"0-256-511-2x1-0-255-2x5-0-29-1":{"dataSum":2858,"pixMax":391,"pixSum":2858,"factor":1.0,"meta":{"1":{"dim":1,"start":0,"zmlevel":2,"end":255},"0":{"dim":0,"start":256,"zmlevel":2,"end":511},"5":{"dim":5,"start":0,"zmlevel":1,"end":29}}},"globalMinProj":{"0x1":1},"0-0-255-2x1-256-511-2x5-0-29-1":{"dataSum":80,"pixMax":21,"pixSum":80,"factor":1.0,"meta":{"1":{"dim":1,"start":256,"zmlevel":2,"end":511},"0":{"dim":0,"start":0,"zmlevel":2,"end":255},"5":{"dim":5,"start":0,"zmlevel":1,"end":29}}},"globalMaxProj":{"0x1":2064},"0-256-511-2x1-256-511-2x5-0-29-1":{"dataSum":1177,"pixMax":467,"pixSum":1177,"factor":1.0,"meta":{"1":{"dim":1,"start":256,"zmlevel":2,"end":511},"0":{"dim":0,"start":256,"zmlevel":2,"end":511},"5":{"dim":5,"start":0,"zmlevel":1,"end":29}}},"0-0-255-2x1-0-255-2x5-0-29-1":{"dataSum":12557,"pixMax":2064,"pixSum":12557,"factor":1.0,"meta":{"1":{"dim":1,"start":0,"zmlevel":2,"end":255},"0":{"dim":0,"start":0,"zmlevel":2,"end":255},"5":{"dim":5,"start":0,"zmlevel":1,"end":29}}}}