{"0-1280-1535-5x1-256-511-5x5-0-29-1":{"dataSum":0,"pixMax":0,"pixSum":0,"factor":1.0,"meta":{"1":{"dim":1,"start":256,"zmlevel":5,"end":511},"0":{"dim":0,"start":1280,"zmlevel":5,"end":1535},"5":{"dim":5,"start":0,"zmlevel":1,"end":29}}},"0-1536-1791-5x1-1536-1791-5x5-0-29-1":{"dataSum":0,"pixMax":0,"pixSum":0,"factor":1.0,"meta":{"1":{"dim":1,"start":1536,"zmlevel":5,"end":1791},"0":{"dim":0,"start":1536,"zmlevel":5,"end":1791},"5":{"dim":5,"start":0,"zmlevel":1,"end":29}}},"0-2304-2559-5x1-2560-2815-5x5-0-29-1":{"dataSum":0,"pixMax":0,"pixSum":0,"factor":1.0,"meta":{"1":{"dim":1,"start":2560,"zmlevel":5,"end":2815},"0":{"dim":0,"start":2304,"zmlevel":5,"end":2559},"5":{"dim":5,"start":0,"zmlevel":1,"end":29}}},"0-1280-1535-5x1-1536-1791-5x5-0-29-1":{"dataSum":0,"pixMax":0,"pixSum":0,"factor":1.0,"meta":{"1":{"dim":1,"start":1536,"zmlevel":5,"end":1791},"0":{"dim":0,"start":1280,"zmlevel":5,"end":1535},"5":{"dim":5,"start":0,"zmlevel":1,"end":29}}},"0-2816-3071-5x1-1280-1535-5x5-0-29-1":{"dataSum":2,"pixMax":2,"pixSum":2,"factor":1.0,"meta":{"1":{"dim":1,"start":1280,"zmlevel":5,"end":1535},"0":{"dim":0,"start":2816,"zmlevel":5,"end":3071},"5":{"dim":5,"start":0,"zmlevel":1,"end":29}}},"0-0-255-5x1-256-511-5x5-0-29-1":{"dataSum":0,"pixMax":0,"pixSum":0,"factor":1.0,"meta":{"1":{"dim":1,"start":256,"zmlevel":5,"end":511},"0":{"dim":0,"start":0,"zmlevel":5,"end":255},"5":{"dim":5,"start":0,"zmlevel":1,"end":29}}},"0-2560-2815-5x1-3328-3583-5x5-0-29-1":{"dataSum":0,"pixMax":0,"pixSum":0,"factor":1.0,"meta":{"1":{"dim":1,"start":3328,"zmlevel":5,"end":3583},"0":{"dim":0,"start":2560,"zmlevel":5,"end":2815},"5":{"dim":5,"start":0,"zmlevel":1,"end":29}}},"0-3072-3327-5x1-3840-4095-5x5-0-29-1":{"dataSum":0,"pixMax":0,"pixSum":0,"factor":1.0,"meta":{"1":{"dim":1,"start":3840,"zmlevel":5,"end":4095},"0":{"dim":0,"start":3072,"zmlevel":5,"end":3327},"5":{"dim":5,"start":0,"zmlevel":1,"end":29}}},"0-768-1023-5x1-3840-4095-5x5-0-29-1":{"dataSum":0,"pixMax":0,"pixSum":0,"factor":1.0,"meta":{"1":{"dim":1,"start":3840,"zmlevel":5,"end":4095},"0":{"dim":0,"start":768,"zmlevel":5,"end":1023},"5":{"dim":5,"start":0,"zmlevel":1,"end":29}}},"0-768-1023-5x1-3072-3327-5x5-0-29-1":{"dataSum":0,"pixMax":0,"pixSum":0,"factor":1.0,"meta":{"1":{"dim":1,"start":3072,"zmlevel":5,"end":3327},"0":{"dim":0,"start":768,"zmlevel":5,"end":1023},"5":{"dim":5,"start":0,"zmlevel":1,"end":29}}},"0-1792-2047-5x1-768-1023-5x5-0-29-1":{"dataSum":0,"pixMax":0,"pixSum":0,"factor":1.0,"meta":{"1":{"dim":1,"start":768,"zmlevel":5,"end":1023},"0":{"dim":0,"start":1792,"zmlevel":5,"end":2047},"5":{"dim":5,"start":0,"zmlevel":1,"end":29}}},"0-1280-1535-5x1-2560-2815-5x5-0-29-1":{"dataSum":0,"pixMax":0,"pixSum":0,"factor":1.0,"meta":{"1":{"dim":1,"start":2560,"zmlevel":5,"end":2815},"0":{"dim":0,"start":1280,"zmlevel":5,"end":1535},"5":{"dim":5,"start":0,"zmlevel":1,"end":29}}},"0-2304-2559-5x1-2048-2303-5x5-0-29-1":{"dataSum":0,"pixMax":0,"pixSum":0,"factor":1.0,"meta":{"1":{"dim":1,"start":2048,"zmlevel":5,"end":2303},"0":{"dim":0,"start":2304,"zmlevel":5,"end":2559},"5":{"dim":5,"start":0,"zmlevel":1,"end":29}}},"0-2816-3071-5x1-2560-2815-5x5-0-29-1":{"dataSum":0,"pixMax":0,"pixSum":0,"factor":1.0,"meta":{"1":{"dim":1,"start":2560,"zmlevel":5,"end":2815},"0":{"dim":0,"start":2816,"zmlevel":5,"end":3071},"5":{"dim":5,"start":0,"zmlevel":1,"end":29}}},"0-0-255-5x1-3328-3583-5x5-0-29-1":{"dataSum":0,"pixMax":0,"pixSum":0,"factor":1.0,"meta":{"1":{"dim":1,"start":3328,"zmlevel":5,"end":3583},"0":{"dim":0,"start":0,"zmlevel":5,"end":255},"5":{"dim":5,"start":0,"zmlevel":1,"end":29}}},"0-1792-2047-5x1-256-511-5x5-0-29-1":{"dataSum":0,"pixMax":0,"pixSum":0,"factor":1.0,"meta":{"1":{"dim":1,"start":256,"zmlevel":5,"end":511},"0":{"dim":0,"start":1792,"zmlevel":5,"end":2047},"5":{"dim":5,"start":0,"zmlevel":1,"end":29}}},"0-3328-3583-5x1-3584-3839-5x5-0-29-1":{"dataSum":0,"pixMax":0,"pixSum":0,"factor":1.0,"meta":{"1":{"dim":1,"start":3584,"zmlevel":5,"end":3839},"0":{"dim":0,"start":3328,"zmlevel":5,"end":3583},"5":{"dim":5,"start":0,"zmlevel":1,"end":29}}},"0-2304-2559-5x1-1024-1279-5x5-0-29-1":{"dataSum":597,"pixMax":365,"pixSum":597,"factor":1.0,"meta":{"1":{"dim":1,"start":1024,"zmlevel":5,"end":1279},"0":{"dim":0,"start":2304,"zmlevel":5,"end":2559},"5":{"dim":5,"start":0,"zmlevel":1,"end":29}}},"0-2048-2303-5x1-1792-2047-5x5-0-29-1":{"dataSum":3,"pixMax":2,"pixSum":3,"factor":1.0,"meta":{"1":{"dim":1,"start":1792,"zmlevel":5,"end":2047},"0":{"dim":0,"start":2048,"zmlevel":5,"end":2303},"5":{"dim":5,"start":0,"zmlevel":1,"end":29}}},"0-256-511-5x1-1792-2047-5x5-0-29-1":{"dataSum":138,"pixMax":74,"pixSum":138,"factor":1.0,"meta":{"1":{"dim":1,"start":1792,"zmlevel":5,"end":2047},"0":{"dim":0,"start":256,"zmlevel":5,"end":511},"5":{"dim":5,"start":0,"zmlevel":1,"end":29}}},"0-0-255-5x1-1536-1791-5x5-0-29-1":{"dataSum":24,"pixMax":5,"pixSum":24,"factor":1.0,"meta":{"1":{"dim":1,"start":1536,"zmlevel":5,"end":1791},"0":{"dim":0,"start":0,"zmlevel":5,"end":255},"5":{"dim":5,"start":0,"zmlevel":1,"end":29}}},"0-1792-2047-5x1-3840-4095-5x5-0-29-1":{"dataSum":0,"pixMax":0,"pixSum":0,"factor":1.0,"meta":{"1":{"dim":1,"start":3840,"zmlevel":5,"end":4095},"0":{"dim":0,"start":1792,"zmlevel":5,"end":2047},"5":{"dim":5,"start":0,"zmlevel":1,"end":29}}},"0-3328-3583-5x1-1280-1535-5x5-0-29-1":{"dataSum":70,"pixMax":18,"pixSum":70,"factor":1.0,"meta":{"1":{"dim":1,"start":1280,"zmlevel":5,"end":1535},"0":{"dim":0,"start":3328,"zmlevel":5,"end":3583},"5":{"dim":5,"start":0,"zmlevel":1,"end":29}}},"0-768-1023-5x1-1792-2047-5x5-0-29-1":{"dataSum":3,"pixMax":1,"pixSum":3,"factor":1.0,"meta":{"1":{"dim":1,"start":1792,"zmlevel":5,"end":2047},"0":{"dim":0,"start":768,"zmlevel":5,"end":1023},"5":{"dim":5,"start":0,"zmlevel":1,"end":29}}},"0-768-1023-5x1-2560-2815-5x5-0-29-1":{"dataSum":0,"pixMax":0,"pixSum":0,"factor":1.0,"meta":{"1":{"dim":1,"start":2560,"zmlevel":5,"end":2815},"0":{"dim":0,"start":768,"zmlevel":5,"end":1023},"5":{"dim":5,"start":0,"zmlevel":1,"end":29}}},"0-2048-2303-5x1-0-255-5x5-0-29-1":{"dataSum":0,"pixMax":0,"pixSum":0,"factor":1.0,"meta":{"1":{"dim":1,"start":0,"zmlevel":5,"end":255},"0":{"dim":0,"start":2048,"zmlevel":5,"end":2303},"5":{"dim":5,"start":0,"zmlevel":1,"end":29}}},"0-0-255-5x1-3584-3839-5x5-0-29-1":{"dataSum":0,"pixMax":0,"pixSum":0,"factor":1.0,"meta":{"1":{"dim":1,"start":3584,"zmlevel":5,"end":3839},"0":{"dim":0,"start":0,"zmlevel":5,"end":255},"5":{"dim":5,"start":0,"zmlevel":1,"end":29}}},"0-3072-3327-5x1-3072-3327-5x5-0-29-1":{"dataSum":0,"pixMax":0,"pixSum":0,"factor":1.0,"meta":{"1":{"dim":1,"start":3072,"zmlevel":5,"end":3327},"0":{"dim":0,"start":3072,"zmlevel":5,"end":3327},"5":{"dim":5,"start":0,"zmlevel":1,"end":29}}},"0-1024-1279-5x1-2304-2559-5x5-0-29-1":{"dataSum":1,"pixMax":1,"pixSum":1,"factor":1.0,"meta":{"1":{"dim":1,"start":2304,"zmlevel":5,"end":2559},"0":{"dim":0,"start":1024,"zmlevel":5,"end":1279},"5":{"dim":5,"start":0,"zmlevel":1,"end":29}}},"0-3840-4095-5x1-1280-1535-5x5-0-29-1":{"dataSum":0,"pixMax":0,"pixSum":0,"factor":1.0,"meta":{"1":{"dim":1,"start":1280,"zmlevel":5,"end":1535},"0":{"dim":0,"start":3840,"zmlevel":5,"end":4095},"5":{"dim":5,"start":0,"zmlevel":1,"end":29}}},"0-2304-2559-5x1-1792-2047-5x5-0-29-1":{"dataSum":16,"pixMax":4,"pixSum":16,"factor":1.0,"meta":{"1":{"dim":1,"start":1792,"zmlevel":5,"end":2047},"0":{"dim":0,"start":2304,"zmlevel":5,"end":2559},"5":{"dim":5,"start":0,"zmlevel":1,"end":29}}},"0-2304-2559-5x1-3840-4095-5x5-0-29-1":{"dataSum":0,"pixMax":0,"pixSum":0,"factor":1.0,"meta":{"1":{"dim":1,"start":3840,"zmlevel":5,"end":4095},"0":{"dim":0,"start":2304,"zmlevel":5,"end":2559},"5":{"dim":5,"start":0,"zmlevel":1,"end":29}}},"0-3072-3327-5x1-768-1023-5x5-0-29-1":{"dataSum":0,"pixMax":0,"pixSum":0,"factor":1.0,"meta":{"1":{"dim":1,"start":768,"zmlevel":5,"end":1023},"0":{"dim":0,"start":3072,"zmlevel":5,"end":3327},"5":{"dim":5,"start":0,"zmlevel":1,"end":29}}},"0-3584-3839-5x1-512-767-5x5-0-29-1":{"dataSum":0,"pixMax":0,"pixSum":0,"factor":1.0,"meta":{"1":{"dim":1,"start":512,"zmlevel":5,"end":767},"0":{"dim":0,"start":3584,"zmlevel":5,"end":3839},"5":{"dim":5,"start":0,"zmlevel":1,"end":29}}},"0-1792-2047-5x1-3584-3839-5x5-0-29-1":{"dataSum":0,"pixMax":0,"pixSum":0,"factor":1.0,"meta":{"1":{"dim":1,"start":3584,"zmlevel":5,"end":3839},"0":{"dim":0,"start":1792,"zmlevel":5,"end":2047},"5":{"dim":5,"start":0,"zmlevel":1,"end":29}}},"0-768-1023-5x1-3584-3839-5x5-0-29-1":{"dataSum":0,"pixMax":0,"pixSum":0,"factor":1.0,"meta":{"1":{"dim":1,"start":3584,"zmlevel":5,"end":3839},"0":{"dim":0,"start":768,"zmlevel":5,"end":1023},"5":{"dim":5,"start":0,"zmlevel":1,"end":29}}},"0-768-1023-5x1-0-255-5x5-0-29-1":{"dataSum":0,"pixMax":0,"pixSum":0,"factor":1.0,"meta":{"1":{"dim":1,"start":0,"zmlevel":5,"end":255},"0":{"dim":0,"start":768,"zmlevel":5,"end":1023},"5":{"dim":5,"start":0,"zmlevel":1,"end":29}}},"0-1536-1791-5x1-3328-3583-5x5-0-29-1":{"dataSum":0,"pixMax":0,"pixSum":0,"factor":1.0,"meta":{"1":{"dim":1,"start":3328,"zmlevel":5,"end":3583},"0":{"dim":0,"start":1536,"zmlevel":5,"end":1791},"5":{"dim":5,"start":0,"zmlevel":1,"end":29}}},"0-2816-3071-5x1-2816-3071-5x5-0-29-1":{"dataSum":0,"pixMax":0,"pixSum":0,"factor":1.0,"meta":{"1":{"dim":1,"start":2816,"zmlevel":5,"end":3071},"0":{"dim":0,"start":2816,"zmlevel":5,"end":3071},"5":{"dim":5,"start":0,"zmlevel":1,"end":29}}},"0-1280-1535-5x1-1024-1279-5x5-0-29-1":{"dataSum":0,"pixMax":0,"pixSum":0,"factor":1.0,"meta":{"1":{"dim":1,"start":1024,"zmlevel":5,"end":1279},"0":{"dim":0,"start":1280,"zmlevel":5,"end":1535},"5":{"dim":5,"start":0,"zmlevel":1,"end":29}}},"0-256-511-5x1-3584-3839-5x5-0-29-1":{"dataSum":0,"pixMax":0,"pixSum":0,"factor":1.0,"meta":{"1":{"dim":1,"start":3584,"zmlevel":5,"end":3839},"0":{"dim":0,"start":256,"zmlevel":5,"end":511},"5":{"dim":5,"start":0,"zmlevel":1,"end":29}}},"0-2560-2815-5x1-2816-3071-5x5-0-29-1":{"dataSum":0,"pixMax":0,"pixSum":0,"factor":1.0,"meta":{"1":{"dim":1,"start":2816,"zmlevel":5,"end":3071},"0":{"dim":0,"start":2560,"zmlevel":5,"end":2815},"5":{"dim":5,"start":0,"zmlevel":1,"end":29}}},"0-768-1023-5x1-512-767-5x5-0-29-1":{"dataSum":0,"pixMax":0,"pixSum":0,"factor":1.0,"meta":{"1":{"dim":1,"start":512,"zmlevel":5,"end":767},"0":{"dim":0,"start":768,"zmlevel":5,"end":1023},"5":{"dim":5,"start":0,"zmlevel":1,"end":29}}},"0-2816-3071-5x1-768-1023-5x5-0-29-1":{"dataSum":0,"pixMax":0,"pixSum":0,"factor":1.0,"meta":{"1":{"dim":1,"start":768,"zmlevel":5,"end":1023},"0":{"dim":0,"start":2816,"zmlevel":5,"end":3071},"5":{"dim":5,"start":0,"zmlevel":1,"end":29}}},"0-3584-3839-5x1-3584-3839-5x5-0-29-1":{"dataSum":0,"pixMax":0,"pixSum":0,"factor":1.0,"meta":{"1":{"dim":1,"start":3584,"zmlevel":5,"end":3839},"0":{"dim":0,"start":3584,"zmlevel":5,"end":3839},"5":{"dim":5,"start":0,"zmlevel":1,"end":29}}},"0-0-255-5x1-2816-3071-5x5-0-29-1":{"dataSum":0,"pixMax":0,"pixSum":0,"factor":1.0,"meta":{"1":{"dim":1,"start":2816,"zmlevel":5,"end":3071},"0":{"dim":0,"start":0,"zmlevel":5,"end":255},"5":{"dim":5,"start":0,"zmlevel":1,"end":29}}},"0-1024-1279-5x1-768-1023-5x5-0-29-1":{"dataSum":0,"pixMax":0,"pixSum":0,"factor":1.0,"meta":{"1":{"dim":1,"start":768,"zmlevel":5,"end":1023},"0":{"dim":0,"start":1024,"zmlevel":5,"end":1279},"5":{"dim":5,"start":0,"zmlevel":1,"end":29}}},"0-1280-1535-5x1-1792-2047-5x5-0-29-1":{"dataSum":30,"pixMax":9,"pixSum":30,"factor":1.0,"meta":{"1":{"dim":1,"start":1792,"zmlevel":5,"end":2047},"0":{"dim":0,"start":1280,"zmlevel":5,"end":1535},"5":{"dim":5,"start":0,"zmlevel":1,"end":29}}},"0-256-511-5x1-2816-3071-5x5-0-29-1":{"dataSum":0,"pixMax":0,"pixSum":0,"factor":1.0,"meta":{"1":{"dim":1,"start":2816,"zmlevel":5,"end":3071},"0":{"dim":0,"start":256,"zmlevel":5,"end":511},"5":{"dim":5,"start":0,"zmlevel":1,"end":29}}},"0-2048-2303-5x1-2560-2815-5x5-0-29-1":{"dataSum":0,"pixMax":0,"pixSum":0,"factor":1.0,"meta":{"1":{"dim":1,"start":2560,"zmlevel":5,"end":2815},"0":{"dim":0,"start":2048,"zmlevel":5,"end":2303},"5":{"dim":5,"start":0,"zmlevel":1,"end":29}}},"0-2560-2815-5x1-2048-2303-5x5-0-29-1":{"dataSum":4,"pixMax":2,"pixSum":4,"factor":1.0,"meta":{"1":{"dim":1,"start":2048,"zmlevel":5,"end":2303},"0":{"dim":0,"start":2560,"zmlevel":5,"end":2815},"5":{"dim":5,"start":0,"zmlevel":1,"end":29}}},"0-0-255-5x1-512-767-5x5-0-29-1":{"dataSum":0,"pixMax":0,"pixSum":0,"factor":1.0,"meta":{"1":{"dim":1,"start":512,"zmlevel":5,"end":767},"0":{"dim":0,"start":0,"zmlevel":5,"end":255},"5":{"dim":5,"start":0,"zmlevel":1,"end":29}}},"0-1024-1279-5x1-512-767-5x5-0-29-1":{"dataSum":0,"pixMax":0,"pixSum":0,"factor":1.0,"meta":{"1":{"dim":1,"start":512,"zmlevel":5,"end":767},"0":{"dim":0,"start":1024,"zmlevel":5,"end":1279},"5":{"dim":5,"start":0,"zmlevel":1,"end":29}}},"0-768-1023-5x1-768-1023-5x5-0-29-1":{"dataSum":0,"pixMax":0,"pixSum":0,"factor":1.0,"meta":{"1":{"dim":1,"start":768,"zmlevel":5,"end":1023},"0":{"dim":0,"start":768,"zmlevel":5,"end":1023},"5":{"dim":5,"start":0,"zmlevel":1,"end":29}}},"0-1280-1535-5x1-2816-3071-5x5-0-29-1":{"dataSum":0,"pixMax":0,"pixSum":0,"factor":1.0,"meta":{"1":{"dim":1,"start":2816,"zmlevel":5,"end":3071},"0":{"dim":0,"start":1280,"zmlevel":5,"end":1535},"5":{"dim":5,"start":0,"zmlevel":1,"end":29}}},"0-1536-1791-5x1-512-767-5x5-0-29-1":{"dataSum":0,"pixMax":0,"pixSum":0,"factor":1.0,"meta":{"1":{"dim":1,"start":512,"zmlevel":5,"end":767},"0":{"dim":0,"start":1536,"zmlevel":5,"end":1791},"5":{"dim":5,"start":0,"zmlevel":1,"end":29}}},"0-512-767-5x1-2304-2559-5x5-0-29-1":{"dataSum":0,"pixMax":0,"pixSum":0,"factor":1.0,"meta":{"1":{"dim":1,"start":2304,"zmlevel":5,"end":2559},"0":{"dim":0,"start":512,"zmlevel":5,"end":767},"5":{"dim":5,"start":0,"zmlevel":1,"end":29}}},"0-256-511-5x1-1024-1279-5x5-0-29-1":{"dataSum":2069,"pixMax":2064,"pixSum":2069,"factor":1.0,"meta":{"1":{"dim":1,"start":1024,"zmlevel":5,"end":1279},"0":{"dim":0,"start":256,"zmlevel":5,"end":511},"5":{"dim":5,"start":0,"zmlevel":1,"end":29}}},"0-3072-3327-5x1-3328-3583-5x5-0-29-1":{"dataSum":0,"pixMax":0,"pixSum":0,"factor":1.0,"meta":{"1":{"dim":1,"start":3328,"zmlevel":5,"end":3583},"0":{"dim":0,"start":3072,"zmlevel":5,"end":3327},"5":{"dim":5,"start":0,"zmlevel":1,"end":29}}},"0-512-767-5x1-1280-1535-5x5-0-29-1":{"dataSum":2242,"pixMax":529,"pixSum":2242,"factor":1.0,"meta":{"1":{"dim":1,"start":1280,"zmlevel":5,"end":1535},"0":{"dim":0,"start":512,"zmlevel":5,"end":767},"5":{"dim":5,"start":0,"zmlevel":1,"end":29}}},"0-3840-4095-5x1-3072-3327-5x5-0-29-1":{"dataSum":0,"pixMax":0,"pixSum":0,"factor":1.0,"meta":{"1":{"dim":1,"start":3072,"zmlevel":5,"end":3327},"0":{"dim":0,"start":3840,"zmlevel":5,"end":4095},"5":{"dim":5,"start":0,"zmlevel":1,"end":29}}},"0-1024-1279-5x1-2048-2303-5x5-0-29-1":{"dataSum":7,"pixMax":2,"pixSum":7,"factor":1.0,"meta":{"1":{"dim":1,"start":2048,"zmlevel":5,"end":2303},"0":{"dim":0,"start":1024,"zmlevel":5,"end":1279},"5":{"dim":5,"start":0,"zmlevel":1,"end":29}}},"0-2816-3071-5x1-2048-2303-5x5-0-29-1":{"dataSum":0,"pixMax":0,"pixSum":0,"factor":1.0,"meta":{"1":{"dim":1,"start":2048,"zmlevel":5,"end":2303},"0":{"dim":0,"start":2816,"zmlevel":5,"end":3071},"5":{"dim":5,"start":0,"zmlevel":1,"end":29}}},"0-256-511-5x1-1280-1535-5x5-0-29-1":{"dataSum":0,"pixMax":0,"pixSum":0,"factor":1.0,"meta":{"1":{"dim":1,"start":1280,"zmlevel":5,"end":1535},"0":{"dim":0,"start":256,"zmlevel":5,"end":511},"5":{"dim":5,"start":0,"zmlevel":1,"end":29}}},"0-1280-1535-5x1-3072-3327-5x5-0-29-1":{"dataSum":0,"pixMax":0,"pixSum":0,"factor":1.0,"meta":{"1":{"dim":1,"start":3072,"zmlevel":5,"end":3327},"0":{"dim":0,"start":1280,"zmlevel":5,"end":1535},"5":{"dim":5,"start":0,"zmlevel":1,"end":29}}},"0-512-767-5x1-1536-1791-5x5-0-29-1":{"dataSum":3920,"pixMax":604,"pixSum":3920,"factor":1.0,"meta":{"1":{"dim":1,"start":1536,"zmlevel":5,"end":1791},"0":{"dim":0,"start":512,"zmlevel":5,"end":767},"5":{"dim":5,"start":0,"zmlevel":1,"end":29}}},"0-2048-2303-5x1-3840-4095-5x5-0-29-1":{"dataSum":0,"pixMax":0,"pixSum":0,"factor":1.0,"meta":{"1":{"dim":1,"start":3840,"zmlevel":5,"end":4095},"0":{"dim":0,"start":2048,"zmlevel":5,"end":2303},"5":{"dim":5,"start":0,"zmlevel":1,"end":29}}},"0-1792-2047-5x1-2560-2815-5x5-0-29-1":{"dataSum":0,"pixMax":0,"pixSum":0,"factor":1.0,"meta":{"1":{"dim":1,"start":2560,"zmlevel":5,"end":2815},"0":{"dim":0,"start":1792,"zmlevel":5,"end":2047},"5":{"dim":5,"start":0,"zmlevel":1,"end":29}}},"0-1536-1791-5x1-1792-2047-5x5-0-29-1":{"dataSum":0,"pixMax":0,"pixSum":0,"factor":1.0,"meta":{"1":{"dim":1,"start":1792,"zmlevel":5,"end":2047},"0":{"dim":0,"start":1536,"zmlevel":5,"end":1791},"5":{"dim":5,"start":0,"zmlevel":1,"end":29}}},"0-3072-3327-5x1-2816-3071-5x5-0-29-1":{"dataSum":0,"pixMax":0,"pixSum":0,"factor":1.0,"meta":{"1":{"dim":1,"start":2816,"zmlevel":5,"end":3071},"0":{"dim":0,"start":3072,"zmlevel":5,"end":3327},"5":{"dim":5,"start":0,"zmlevel":1,"end":29}}},"0-512-767-5x1-2560-2815-5x5-0-29-1":{"dataSum":0,"pixMax":0,"pixSum":0,"factor":1.0,"meta":{"1":{"dim":1,"start":2560,"zmlevel":5,"end":2815},"0":{"dim":0,"start":512,"zmlevel":5,"end":767},"5":{"dim":5,"start":0,"zmlevel":1,"end":29}}},"0-1280-1535-5x1-0-255-5x5-0-29-1":{"dataSum":0,"pixMax":0,"pixSum":0,"factor":1.0,"meta":{"1":{"dim":1,"start":0,"zmlevel":5,"end":255},"0":{"dim":0,"start":1280,"zmlevel":5,"end":1535},"5":{"dim":5,"start":0,"zmlevel":1,"end":29}}},"0-1536-1791-5x1-3072-3327-5x5-0-29-1":{"dataSum":2,"pixMax":2,"pixSum":2,"factor":1.0,"meta":{"1":{"dim":1,"start":3072,"zmlevel":5,"end":3327},"0":{"dim":0,"start":1536,"zmlevel":5,"end":1791},"5":{"dim":5,"start":0,"zmlevel":1,"end":29}}},"0-256-511-5x1-256-511-5x5-0-29-1":{"dataSum":0,"pixMax":0,"pixSum":0,"factor":1.0,"meta":{"1":{"dim":1,"start":256,"zmlevel":5,"end":511},"0":{"dim":0,"start":256,"zmlevel":5,"end":511},"5":{"dim":5,"start":0,"zmlevel":1,"end":29}}},"0-1536-1791-5x1-2560-2815-5x5-0-29-1":{"dataSum":0,"pixMax":0,"pixSum":0,"factor":1.0,"meta":{"1":{"dim":1,"start":2560,"zmlevel":5,"end":2815},"0":{"dim":0,"start":1536,"zmlevel":5,"end":1791},"5":{"dim":5,"start":0,"zmlevel":1,"end":29}}},"0-3840-4095-5x1-1024-1279-5x5-0-29-1":{"dataSum":0,"pixMax":0,"pixSum":0,"factor":1.0,"meta":{"1":{"dim":1,"start":1024,"zmlevel":5,"end":1279},"0":{"dim":0,"start":3840,"zmlevel":5,"end":4095},"5":{"dim":5,"start":0,"zmlevel":1,"end":29}}},"0-1024-1279-5x1-2560-2815-5x5-0-29-1":{"dataSum":0,"pixMax":0,"pixSum":0,"factor":1.0,"meta":{"1":{"dim":1,"start":2560,"zmlevel":5,"end":2815},"0":{"dim":0,"start":1024,"zmlevel":5,"end":1279},"5":{"dim":5,"start":0,"zmlevel":1,"end":29}}},"0-768-1023-5x1-2816-3071-5x5-0-29-1":{"dataSum":0,"pixMax":0,"pixSum":0,"factor":1.0,"meta":{"1":{"dim":1,"start":2816,"zmlevel":5,"end":3071},"0":{"dim":0,"start":768,"zmlevel":5,"end":1023},"5":{"dim":5,"start":0,"zmlevel":1,"end":29}}},"0-3328-3583-5x1-768-1023-5x5-0-29-1":{"dataSum":0,"pixMax":0,"pixSum":0,"factor":1.0,"meta":{"1":{"dim":1,"start":768,"zmlevel":5,"end":1023},"0":{"dim":0,"start":3328,"zmlevel":5,"end":3583},"5":{"dim":5,"start":0,"zmlevel":1,"end":29}}},"0-3840-4095-5x1-2560-2815-5x5-0-29-1":{"dataSum":574,"pixMax":303,"pixSum":574,"factor":1.0,"meta":{"1":{"dim":1,"start":2560,"zmlevel":5,"end":2815},"0":{"dim":0,"start":3840,"zmlevel":5,"end":4095},"5":{"dim":5,"start":0,"zmlevel":1,"end":29}}},"0-3584-3839-5x1-3328-3583-5x5-0-29-1":{"dataSum":0,"pixMax":0,"pixSum":0,"factor":1.0,"meta":{"1":{"dim":1,"start":3328,"zmlevel":5,"end":3583},"0":{"dim":0,"start":3584,"zmlevel":5,"end":3839},"5":{"dim":5,"start":0,"zmlevel":1,"end":29}}},"0-0-255-5x1-3840-4095-5x5-0-29-1":{"dataSum":0,"pixMax":0,"pixSum":0,"factor":1.0,"meta":{"1":{"dim":1,"start":3840,"zmlevel":5,"end":4095},"0":{"dim":0,"start":0,"zmlevel":5,"end":255},"5":{"dim":5,"start":0,"zmlevel":1,"end":29}}},"0-1792-2047-5x1-3328-3583-5x5-0-29-1":{"dataSum":3,"pixMax":2,"pixSum":3,"factor":1.0,"meta":{"1":{"dim":1,"start":3328,"zmlevel":5,"end":3583},"0":{"dim":0,"start":1792,"zmlevel":5,"end":2047},"5":{"dim":5,"start":0,"zmlevel":1,"end":29}}},"0-2816-3071-5x1-1024-1279-5x5-0-29-1":{"dataSum":0,"pixMax":0,"pixSum":0,"factor":1.0,"meta":{"1":{"dim":1,"start":1024,"zmlevel":5,"end":1279},"0":{"dim":0,"start":2816,"zmlevel":5,"end":3071},"5":{"dim":5,"start":0,"zmlevel":1,"end":29}}},"0-3328-3583-5x1-1024-1279-5x5-0-29-1":{"dataSum":1,"pixMax":1,"pixSum":1,"factor":1.0,"meta":{"1":{"dim":1,"start":1024,"zmlevel":5,"end":1279},"0":{"dim":0,"start":3328,"zmlevel":5,"end":3583},"5":{"dim":5,"start":0,"zmlevel":1,"end":29}}},"0-3840-4095-5x1-1536-1791-5x5-0-29-1":{"dataSum":0,"pixMax":0,"pixSum":0,"factor":1.0,"meta":{"1":{"dim":1,"start":1536,"zmlevel":5,"end":1791},"0":{"dim":0,"start":3840,"zmlevel":5,"end":4095},"5":{"dim":5,"start":0,"zmlevel":1,"end":29}}},"0-512-767-5x1-3840-4095-5x5-0-29-1":{"dataSum":0,"pixMax":0,"pixSum":0,"factor":1.0,"meta":{"1":{"dim":1,"start":3840,"zmlevel":5,"end":4095},"0":{"dim":0,"start":512,"zmlevel":5,"end":767},"5":{"dim":5,"start":0,"zmlevel":1,"end":29}}},"0-512-767-5x1-2048-2303-5x5-0-29-1":{"dataSum":0,"pixMax":0,"pixSum":0,"factor":1.0,"meta":{"1":{"dim":1,"start":2048,"zmlevel":5,"end":2303},"0":{"dim":0,"start":512,"zmlevel":5,"end":767},"5":{"dim":5,"start":0,"zmlevel":1,"end":29}}},"0-512-767-5x1-1024-1279-5x5-0-29-1":{"dataSum":1,"pixMax":1,"pixSum":1,"factor":1.0,"meta":{"1":{"dim":1,"start":1024,"zmlevel":5,"end":1279},"0":{"dim":0,"start":512,"zmlevel":5,"end":767},"5":{"dim":5,"start":0,"zmlevel":1,"end":29}}},"0-1792-2047-5x1-1536-1791-5x5-0-29-1":{"dataSum":6,"pixMax":2,"pixSum":6,"factor":1.0,"meta":{"1":{"dim":1,"start":1536,"zmlevel":5,"end":1791},"0":{"dim":0,"start":1792,"zmlevel":5,"end":2047},"5":{"dim":5,"start":0,"zmlevel":1,"end":29}}},"0-2048-2303-5x1-256-511-5x5-0-29-1":{"dataSum":0,"pixMax":0,"pixSum":0,"factor":1.0,"meta":{"1":{"dim":1,"start":256,"zmlevel":5,"end":511},"0":{"dim":0,"start":2048,"zmlevel":5,"end":2303},"5":{"dim":5,"start":0,"zmlevel":1,"end":29}}},"0-2048-2303-5x1-1024-1279-5x5-0-29-1":{"dataSum":132,"pixMax":20,"pixSum":132,"factor":1.0,"meta":{"1":{"dim":1,"start":1024,"zmlevel":5,"end":1279},"0":{"dim":0,"start":2048,"zmlevel":5,"end":2303},"5":{"dim":5,"start":0,"zmlevel":1,"end":29}}},"0-2304-2559-5x1-256-511-5x5-0-29-1":{"dataSum":0,"pixMax":0,"pixSum":0,"factor":1.0,"meta":{"1":{"dim":1,"start":256,"zmlevel":5,"end":511},"0":{"dim":0,"start":2304,"zmlevel":5,"end":2559},"5":{"dim":5,"start":0,"zmlevel":1,"end":29}}},"0-3328-3583-5x1-3072-3327-5x5-0-29-1":{"dataSum":0,"pixMax":0,"pixSum":0,"factor":1.0,"meta":{"1":{"dim":1,"start":3072,"zmlevel":5,"end":3327},"0":{"dim":0,"start":3328,"zmlevel":5,"end":3583},"5":{"dim":5,"start":0,"zmlevel":1,"end":29}}},"0-256-511-5x1-2560-2815-5x5-0-29-1":{"dataSum":0,"pixMax":0,"pixSum":0,"factor":1.0,"meta":{"1":{"dim":1,"start":2560,"zmlevel":5,"end":2815},"0":{"dim":0,"start":256,"zmlevel":5,"end":511},"5":{"dim":5,"start":0,"zmlevel":1,"end":29}}},"0-3328-3583-5x1-1536-1791-5x5-0-29-1":{"dataSum":307,"pixMax":38,"pixSum":307,"factor":1.0,"meta":{"1":{"dim":1,"start":1536,"zmlevel":5,"end":1791},"0":{"dim":0,"start":3328,"zmlevel":5,"end":3583},"5":{"dim":5,"start":0,"zmlevel":1,"end":29}}},"0-3072-3327-5x1-1024-1279-5x5-0-29-1":{"dataSum":0,"pixMax":0,"pixSum":0,"factor":1.0,"meta":{"1":{"dim":1,"start":1024,"zmlevel":5,"end":1279},"0":{"dim":0,"start":3072,"zmlevel":5,"end":3327},"5":{"dim":5,"start":0,"zmlevel":1,"end":29}}},"0-512-767-5x1-256-511-5x5-0-29-1":{"dataSum":0,"pixMax":0,"pixSum":0,"factor":1.0,"meta":{"1":{"dim":1,"start":256,"zmlevel":5,"end":511},"0":{"dim":0,"start":512,"zmlevel":5,"end":767},"5":{"dim":5,"start":0,"zmlevel":1,"end":29}}},"0-2560-2815-5x1-512-767-5x5-0-29-1":{"dataSum":0,"pixMax":0,"pixSum":0,"factor":1.0,"meta":{"1":{"dim":1,"start":512,"zmlevel":5,"end":767},"0":{"dim":0,"start":2560,"zmlevel":5,"end":2815},"5":{"dim":5,"start":0,"zmlevel":1,"end":29}}},"0-1024-1279-5x1-3840-4095-5x5-0-29-1":{"dataSum":0,"pixMax":0,"pixSum":0,"factor":1.0,"meta":{"1":{"dim":1,"start":3840,"zmlevel":5,"end":4095},"0":{"dim":0,"start":1024,"zmlevel":5,"end":1279},"5":{"dim":5,"start":0,"zmlevel":1,"end":29}}},"0-0-255-5x1-1280-1535-5x5-0-29-1":{"dataSum":1,"pixMax":1,"pixSum":1,"factor":1.0,"meta":{"1":{"dim":1,"start":1280,"zmlevel":5,"end":1535},"0":{"dim":0,"start":0,"zmlevel":5,"end":255},"5":{"dim":5,"start":0,"zmlevel":1,"end":29}}},"0-2304-2559-5x1-3072-3327-5x5-0-29-1":{"dataSum":0,"pixMax":0,"pixSum":0,"factor":1.0,"meta":{"1":{"dim":1,"start":3072,"zmlevel":5,"end":3327},"0":{"dim":0,"start":2304,"zmlevel":5,"end":2559},"5":{"dim":5,"start":0,"zmlevel":1,"end":29}}},"0-3328-3583-5x1-2048-2303-5x5-0-29-1":{"dataSum":36,"pixMax":6,"pixSum":36,"factor":1.0,"meta":{"1":{"dim":1,"start":2048,"zmlevel":5,"end":2303},"0":{"dim":0,"start":3328,"zmlevel":5,"end":3583},"5":{"dim":5,"start":0,"zmlevel":1,"end":29}}},"0-2304-2559-5x1-0-255-5x5-0-29-1":{"dataSum":0,"pixMax":0,"pixSum":0,"factor":1.0,"meta":{"1":{"dim":1,"start":0,"zmlevel":5,"end":255},"0":{"dim":0,"start":2304,"zmlevel":5,"end":2559},"5":{"dim":5,"start":0,"zmlevel":1,"end":29}}},"0-0-255-5x1-1792-2047-5x5-0-29-1":{"dataSum":30,"pixMax":8,"pixSum":30,"factor":1.0,"meta":{"1":{"dim":1,"start":1792,"zmlevel":5,"end":2047},"0":{"dim":0,"start":0,"zmlevel":5,"end":255},"5":{"dim":5,"start":0,"zmlevel":1,"end":29}}},"0-3584-3839-5x1-256-511-5x5-0-29-1":{"dataSum":0,"pixMax":0,"pixSum":0,"factor":1.0,"meta":{"1":{"dim":1,"start":256,"zmlevel":5,"end":511},"0":{"dim":0,"start":3584,"zmlevel":5,"end":3839},"5":{"dim":5,"start":0,"zmlevel":1,"end":29}}},"0-3584-3839-5x1-1280-1535-5x5-0-29-1":{"dataSum":26,"pixMax":20,"pixSum":26,"factor":1.0,"meta":{"1":{"dim":1,"start":1280,"zmlevel":5,"end":1535},"0":{"dim":0,"start":3584,"zmlevel":5,"end":3839},"5":{"dim":5,"start":0,"zmlevel":1,"end":29}}},"0-1792-2047-5x1-3072-3327-5x5-0-29-1":{"dataSum":0,"pixMax":0,"pixSum":0,"factor":1.0,"meta":{"1":{"dim":1,"start":3072,"zmlevel":5,"end":3327},"0":{"dim":0,"start":1792,"zmlevel":5,"end":2047},"5":{"dim":5,"start":0,"zmlevel":1,"end":29}}},"0-3840-4095-5x1-2816-3071-5x5-0-29-1":{"dataSum":0,"pixMax":0,"pixSum":0,"factor":1.0,"meta":{"1":{"dim":1,"start":2816,"zmlevel":5,"end":3071},"0":{"dim":0,"start":3840,"zmlevel":5,"end":4095},"5":{"dim":5,"start":0,"zmlevel":1,"end":29}}},"0-1792-2047-5x1-0-255-5x5-0-29-1":{"dataSum":0,"pixMax":0,"pixSum":0,"factor":1.0,"meta":{"1":{"dim":1,"start":0,"zmlevel":5,"end":255},"0":{"dim":0,"start":1792,"zmlevel":5,"end":2047},"5":{"dim":5,"start":0,"zmlevel":1,"end":29}}},"0-3584-3839-5x1-1024-1279-5x5-0-29-1":{"dataSum":0,"pixMax":0,"pixSum":0,"factor":1.0,"meta":{"1":{"dim":1,"start":1024,"zmlevel":5,"end":1279},"0":{"dim":0,"start":3584,"zmlevel":5,"end":3839},"5":{"dim":5,"start":0,"zmlevel":1,"end":29}}},"0-3584-3839-5x1-2304-2559-5x5-0-29-1":{"dataSum":327,"pixMax":40,"pixSum":327,"factor":1.0,"meta":{"1":{"dim":1,"start":2304,"zmlevel":5,"end":2559},"0":{"dim":0,"start":3584,"zmlevel":5,"end":3839},"5":{"dim":5,"start":0,"zmlevel":1,"end":29}}},"0-1536-1791-5x1-2304-2559-5x5-0-29-1":{"dataSum":1,"pixMax":1,"pixSum":1,"factor":1.0,"meta":{"1":{"dim":1,"start":2304,"zmlevel":5,"end":2559},"0":{"dim":0,"start":1536,"zmlevel":5,"end":1791},"5":{"dim":5,"start":0,"zmlevel":1,"end":29}}},"0-1024-1279-5x1-1024-1279-5x5-0-29-1":{"dataSum":0,"pixMax":0,"pixSum":0,"factor":1.0,"meta":{"1":{"dim":1,"start":1024,"zmlevel":5,"end":1279},"0":{"dim":0,"start":1024,"zmlevel":5,"end":1279},"5":{"dim":5,"start":0,"zmlevel":1,"end":29}}},"0-1024-1279-5x1-1536-1791-5x5-0-29-1":{"dataSum":1520,"pixMax":129,"pixSum":1520,"factor":1.0,"meta":{"1":{"dim":1,"start":1536,"zmlevel":5,"end":1791},"0":{"dim":0,"start":1024,"zmlevel":5,"end":1279},"5":{"dim":5,"start":0,"zmlevel":1,"end":29}}},"0-3328-3583-5x1-3840-4095-5x5-0-29-1":{"dataSum":0,"pixMax":0,"pixSum":0,"factor":1.0,"meta":{"1":{"dim":1,"start":3840,"zmlevel":5,"end":4095},"0":{"dim":0,"start":3328,"zmlevel":5,"end":3583},"5":{"dim":5,"start":0,"zmlevel":1,"end":29}}},"0-1536-1791-5x1-768-1023-5x5-0-29-1":{"dataSum":0,"pixMax":0,"pixSum":0,"factor":1.0,"meta":{"1":{"dim":1,"start":768,"zmlevel":5,"end":1023},"0":{"dim":0,"start":1536,"zmlevel":5,"end":1791},"5":{"dim":5,"start":0,"zmlevel":1,"end":29}}},"0-3584-3839-5x1-768-1023-5x5-0-29-1":{"dataSum":0,"pixMax":0,"pixSum":0,"factor":1.0,"meta":{"1":{"dim":1,"start":768,"zmlevel":5,"end":1023},"0":{"dim":0,"start":3584,"zmlevel":5,"end":3839},"5":{"dim":5,"start":0,"zmlevel":1,"end":29}}},"0-1536-1791-5x1-3840-4095-5x5-0-29-1":{"dataSum":0,"pixMax":0,"pixSum":0,"factor":1.0,"meta":{"1":{"dim":1,"start":3840,"zmlevel":5,"end":4095},"0":{"dim":0,"start":1536,"zmlevel":5,"end":1791},"5":{"dim":5,"start":0,"zmlevel":1,"end":29}}},"0-2048-2303-5x1-512-767-5x5-0-29-1":{"dataSum":3,"pixMax":3,"pixSum":3,"factor":1.0,"meta":{"1":{"dim":1,"start":512,"zmlevel":5,"end":767},"0":{"dim":0,"start":2048,"zmlevel":5,"end":2303},"5":{"dim":5,"start":0,"zmlevel":1,"end":29}}},"0-1792-2047-5x1-1792-2047-5x5-0-29-1":{"dataSum":14,"pixMax":7,"pixSum":14,"factor":1.0,"meta":{"1":{"dim":1,"start":1792,"zmlevel":5,"end":2047},"0":{"dim":0,"start":1792,"zmlevel":5,"end":2047},"5":{"dim":5,"start":0,"zmlevel":1,"end":29}}},"0-3328-3583-5x1-2816-3071-5x5-0-29-1":{"dataSum":0,"pixMax":0,"pixSum":0,"factor":1.0,"meta":{"1":{"dim":1,"start":2816,"zmlevel":5,"end":3071},"0":{"dim":0,"start":3328,"zmlevel":5,"end":3583},"5":{"dim":5,"start":0,"zmlevel":1,"end":29}}},"0-3840-4095-5x1-768-1023-5x5-0-29-1":{"dataSum":0,"pixMax":0,"pixSum":0,"factor":1.0,"meta":{"1":{"dim":1,"start":768,"zmlevel":5,"end":1023},"0":{"dim":0,"start":3840,"zmlevel":5,"end":4095},"5":{"dim":5,"start":0,"zmlevel":1,"end":29}}},"0-2560-2815-5x1-256-511-5x5-0-29-1":{"dataSum":0,"pixMax":0,"pixSum":0,"factor":1.0,"meta":{"1":{"dim":1,"start":256,"zmlevel":5,"end":511},"0":{"dim":0,"start":2560,"zmlevel":5,"end":2815},"5":{"dim":5,"start":0,"zmlevel":1,"end":29}}},"0-768-1023-5x1-256-511-5x5-0-29-1":{"dataSum":0,"pixMax":0,"pixSum":0,"factor":1.0,"meta":{"1":{"dim":1,"start":256,"zmlevel":5,"end":511},"0":{"dim":0,"start":768,"zmlevel":5,"end":1023},"5":{"dim":5,"start":0,"zmlevel":1,"end":29}}},"0-2816-3071-5x1-3840-4095-5x5-0-29-1":{"dataSum":0,"pixMax":0,"pixSum":0,"factor":1.0,"meta":{"1":{"dim":1,"start":3840,"zmlevel":5,"end":4095},"0":{"dim":0,"start":2816,"zmlevel":5,"end":3071},"5":{"dim":5,"start":0,"zmlevel":1,"end":29}}},"0-512-767-5x1-2816-3071-5x5-0-29-1":{"dataSum":0,"pixMax":0,"pixSum":0,"factor":1.0,"meta":{"1":{"dim":1,"start":2816,"zmlevel":5,"end":3071},"0":{"dim":0,"start":512,"zmlevel":5,"end":767},"5":{"dim":5,"start":0,"zmlevel":1,"end":29}}},"0-2048-2303-5x1-1536-1791-5x5-0-29-1":{"dataSum":16,"pixMax":3,"pixSum":16,"factor":1.0,"meta":{"1":{"dim":1,"start":1536,"zmlevel":5,"end":1791},"0":{"dim":0,"start":2048,"zmlevel":5,"end":2303},"5":{"dim":5,"start":0,"zmlevel":1,"end":29}}},"0-1280-1535-5x1-512-767-5x5-0-29-1":{"dataSum":0,"pixMax":0,"pixSum":0,"factor":1.0,"meta":{"1":{"dim":1,"start":512,"zmlevel":5,"end":767},"0":{"dim":0,"start":1280,"zmlevel":5,"end":1535},"5":{"dim":5,"start":0,"zmlevel":1,"end":29}}},"0-3328-3583-5x1-2304-2559-5x5-0-29-1":{"dataSum":27,"pixMax":5,"pixSum":27,"factor":1.0,"meta":{"1":{"dim":1,"start":2304,"zmlevel":5,"end":2559},"0":{"dim":0,"start":3328,"zmlevel":5,"end":3583},"5":{"dim":5,"start":0,"zmlevel":1,"end":29}}},"0-2048-2303-5x1-3328-3583-5x5-0-29-1":{"dataSum":0,"pixMax":0,"pixSum":0,"factor":1.0,"meta":{"1":{"dim":1,"start":3328,"zmlevel":5,"end":3583},"0":{"dim":0,"start":2048,"zmlevel":5,"end":2303},"5":{"dim":5,"start":0,"zmlevel":1,"end":29}}},"0-2304-2559-5x1-512-767-5x5-0-29-1":{"dataSum":0,"pixMax":0,"pixSum":0,"factor":1.0,"meta":{"1":{"dim":1,"start":512,"zmlevel":5,"end":767},"0":{"dim":0,"start":2304,"zmlevel":5,"end":2559},"5":{"dim":5,"start":0,"zmlevel":1,"end":29}}},"0-256-511-5x1-3072-3327-5x5-0-29-1":{"dataSum":0,"pixMax":0,"pixSum":0,"factor":1.0,"meta":{"1":{"dim":1,"start":3072,"zmlevel":5,"end":3327},"0":{"dim":0,"start":256,"zmlevel":5,"end":511},"5":{"dim":5,"start":0,"zmlevel":1,"end":29}}},"0-3584-3839-5x1-2048-2303-5x5-0-29-1":{"dataSum":26,"pixMax":6,"pixSum":26,"factor":1.0,"meta":{"1":{"dim":1,"start":2048,"zmlevel":5,"end":2303},"0":{"dim":0,"start":3584,"zmlevel":5,"end":3839},"5":{"dim":5,"start":0,"zmlevel":1,"end":29}}},"0-2048-2303-5x1-2816-3071-5x5-0-29-1":{"dataSum":0,"pixMax":0,"pixSum":0,"factor":1.0,"meta":{"1":{"dim":1,"start":2816,"zmlevel":5,"end":3071},"0":{"dim":0,"start":2048,"zmlevel":5,"end":2303},"5":{"dim":5,"start":0,"zmlevel":1,"end":29}}},"0-3584-3839-5x1-2560-2815-5x5-0-29-1":{"dataSum":4,"pixMax":1,"pixSum":4,"factor":1.0,"meta":{"1":{"dim":1,"start":2560,"zmlevel":5,"end":2815},"0":{"dim":0,"start":3584,"zmlevel":5,"end":3839},"5":{"dim":5,"start":0,"zmlevel":1,"end":29}}},"0-2560-2815-5x1-1280-1535-5x5-0-29-1":{"dataSum":3,"pixMax":3,"pixSum":3,"factor":1.0,"meta":{"1":{"dim":1,"start":1280,"zmlevel":5,"end":1535},"0":{"dim":0,"start":2560,"zmlevel":5,"end":2815},"5":{"dim":5,"start":0,"zmlevel":1,"end":29}}},"0-0-255-5x1-768-1023-5x5-0-29-1":{"dataSum":0,"pixMax":0,"pixSum":0,"factor":1.0,"meta":{"1":{"dim":1,"start":768,"zmlevel":5,"end":1023},"0":{"dim":0,"start":0,"zmlevel":5,"end":255},"5":{"dim":5,"start":0,"zmlevel":1,"end":29}}},"0-2560-2815-5x1-2304-2559-5x5-0-29-1":{"dataSum":0,"pixMax":0,"pixSum":0,"factor":1.0,"meta":{"1":{"dim":1,"start":2304,"zmlevel":5,"end":2559},"0":{"dim":0,"start":2560,"zmlevel":5,"end":2815},"5":{"dim":5,"start":0,"zmlevel":1,"end":29}}},"0-2816-3071-5x1-2304-2559-5x5-0-29-1":{"dataSum":0,"pixMax":0,"pixSum":0,"factor":1.0,"meta":{"1":{"dim":1,"start":2304,"zmlevel":5,"end":2559},"0":{"dim":0,"start":2816,"zmlevel":5,"end":3071},"5":{"dim":5,"start":0,"zmlevel":1,"end":29}}},"0-1792-2047-5x1-1280-1535-5x5-0-29-1":{"dataSum":179,"pixMax":13,"pixSum":179,"factor":1.0,"meta":{"1":{"dim":1,"start":1280,"zmlevel":5,"end":1535},"0":{"dim":0,"start":1792,"zmlevel":5,"end":2047},"5":{"dim":5,"start":0,"zmlevel":1,"end":29}}},"0-768-1023-5x1-1024-1279-5x5-0-29-1":{"dataSum":4,"pixMax":2,"pixSum":4,"factor":1.0,"meta":{"1":{"dim":1,"start":1024,"zmlevel":5,"end":1279},"0":{"dim":0,"start":768,"zmlevel":5,"end":1023},"5":{"dim":5,"start":0,"zmlevel":1,"end":29}}},"0-3584-3839-5x1-3072-3327-5x5-0-29-1":{"dataSum":0,"pixMax":0,"pixSum":0,"factor":1.0,"meta":{"1":{"dim":1,"start":3072,"zmlevel":5,"end":3327},"0":{"dim":0,"start":3584,"zmlevel":5,"end":3839},"5":{"dim":5,"start":0,"zmlevel":1,"end":29}}},"0-1024-1279-5x1-256-511-5x5-0-29-1":{"dataSum":0,"pixMax":0,"pixSum":0,"factor":1.0,"meta":{"1":{"dim":1,"start":256,"zmlevel":5,"end":511},"0":{"dim":0,"start":1024,"zmlevel":5,"end":1279},"5":{"dim":5,"start":0,"zmlevel":1,"end":29}}},"0-0-255-5x1-1024-1279-5x5-0-29-1":{"dataSum":6,"pixMax":3,"pixSum":6,"factor":1.0,"meta":{"1":{"dim":1,"start":1024,"zmlevel":5,"end":1279},"0":{"dim":0,"start":0,"zmlevel":5,"end":255},"5":{"dim":5,"start":0,"zmlevel":1,"end":29}}},"0-256-511-5x1-2048-2303-5x5-0-29-1":{"dataSum":1,"pixMax":1,"pixSum":1,"factor":1.0,"meta":{"1":{"dim":1,"start":2048,"zmlevel":5,"end":2303},"0":{"dim":0,"start":256,"zmlevel":5,"end":511},"5":{"dim":5,"start":0,"zmlevel":1,"end":29}}},"0-3840-4095-5x1-512-767-5x5-0-29-1":{"dataSum":0,"pixMax":0,"pixSum":0,"factor":1.0,"meta":{"1":{"dim":1,"start":512,"zmlevel":5,"end":767},"0":{"dim":0,"start":3840,"zmlevel":5,"end":4095},"5":{"dim":5,"start":0,"zmlevel":1,"end":29}}},"0-1280-1535-5x1-3840-4095-5x5-0-29-1":{"dataSum":0,"pixMax":0,"pixSum":0,"factor":1.0,"meta":{"1":{"dim":1,"start":3840,"zmlevel":5,"end":4095},"0":{"dim":0,"start":1280,"zmlevel":5,"end":1535},"5":{"dim":5,"start":0,"zmlevel":1,"end":29}}},"0-3840-4095-5x1-256-511-5x5-0-29-1":{"dataSum":0,"pixMax":0,"pixSum":0,"factor":1.0,"meta":{"1":{"dim":1,"start":256,"zmlevel":5,"end":511},"0":{"dim":0,"start":3840,"zmlevel":5,"end":4095},"5":{"dim":5,"start":0,"zmlevel":1,"end":29}}},"0-0-255-5x1-0-255-5x5-0-29-1":{"dataSum":0,"pixMax":0,"pixSum":0,"factor":1.0,"meta":{"1":{"dim":1,"start":0,"zmlevel":5,"end":255},"0":{"dim":0,"start":0,"zmlevel":5,"end":255},"5":{"dim":5,"start":0,"zmlevel":1,"end":29}}},"0-2304-2559-5x1-1536-1791-5x5-0-29-1":{"dataSum":22,"pixMax":5,"pixSum":22,"factor":1.0,"meta":{"1":{"dim":1,"start":1536,"zmlevel":5,"end":1791},"0":{"dim":0,"start":2304,"zmlevel":5,"end":2559},"5":{"dim":5,"start":0,"zmlevel":1,"end":29}}},"0-1792-2047-5x1-2304-2559-5x5-0-29-1":{"dataSum":0,"pixMax":0,"pixSum":0,"factor":1.0,"meta":{"1":{"dim":1,"start":2304,"zmlevel":5,"end":2559},"0":{"dim":0,"start":1792,"zmlevel":5,"end":2047},"5":{"dim":5,"start":0,"zmlevel":1,"end":29}}},"0-2816-3071-5x1-3328-3583-5x5-0-29-1":{"dataSum":0,"pixMax":0,"pixSum":0,"factor":1.0,"meta":{"1":{"dim":1,"start":3328,"zmlevel":5,"end":3583},"0":{"dim":0,"start":2816,"zmlevel":5,"end":3071},"5":{"dim":5,"start":0,"zmlevel":1,"end":29}}},"globalMinProj":{"0x1":1},"0-3840-4095-5x1-2304-2559-5x5-0-29-1":{"dataSum":152,"pixMax":33,"pixSum":152,"factor":1.0,"meta":{"1":{"dim":1,"start":2304,"zmlevel":5,"end":2559},"0":{"dim":0,"start":3840,"zmlevel":5,"end":4095},"5":{"dim":5,"start":0,"zmlevel":1,"end":29}}},"0-1024-1279-5x1-1280-1535-5x5-0-29-1":{"dataSum":1261,"pixMax":482,"pixSum":1261,"factor":1.0,"meta":{"1":{"dim":1,"start":1280,"zmlevel":5,"end":1535},"0":{"dim":0,"start":1024,"zmlevel":5,"end":1279},"5":{"dim":5,"start":0,"zmlevel":1,"end":29}}},"0-3840-4095-5x1-3840-4095-5x5-0-29-1":{"dataSum":0,"pixMax":0,"pixSum":0,"factor":1.0,"meta":{"1":{"dim":1,"start":3840,"zmlevel":5,"end":4095},"0":{"dim":0,"start":3840,"zmlevel":5,"end":4095},"5":{"dim":5,"start":0,"zmlevel":1,"end":29}}},"0-256-511-5x1-1536-1791-5x5-0-29-1":{"dataSum":0,"pixMax":0,"pixSum":0,"factor":1.0,"meta":{"1":{"dim":1,"start":1536,"zmlevel":5,"end":1791},"0":{"dim":0,"start":256,"zmlevel":5,"end":511},"5":{"dim":5,"start":0,"zmlevel":1,"end":29}}},"0-3840-4095-5x1-0-255-5x5-0-29-1":{"dataSum":0,"pixMax":0,"pixSum":0,"factor":1.0,"meta":{"1":{"dim":1,"start":0,"zmlevel":5,"end":255},"0":{"dim":0,"start":3840,"zmlevel":5,"end":4095},"5":{"dim":5,"start":0,"zmlevel":1,"end":29}}},"0-1024-1279-5x1-2816-3071-5x5-0-29-1":{"dataSum":0,"pixMax":0,"pixSum":0,"factor":1.0,"meta":{"1":{"dim":1,"start":2816,"zmlevel":5,"end":3071},"0":{"dim":0,"start":1024,"zmlevel":5,"end":1279},"5":{"dim":5,"start":0,"zmlevel":1,"end":29}}},"0-2304-2559-5x1-1280-1535-5x5-0-29-1":{"dataSum":124,"pixMax":51,"pixSum":124,"factor":1.0,"meta":{"1":{"dim":1,"start":1280,"zmlevel":5,"end":1535},"0":{"dim":0,"start":2304,"zmlevel":5,"end":2559},"5":{"dim":5,"start":0,"zmlevel":1,"end":29}}},"0-2560-2815-5x1-1024-1279-5x5-0-29-1":{"dataSum":0,"pixMax":0,"pixSum":0,"factor":1.0,"meta":{"1":{"dim":1,"start":1024,"zmlevel":5,"end":1279},"0":{"dim":0,"start":2560,"zmlevel":5,"end":2815},"5":{"dim":5,"start":0,"zmlevel":1,"end":29}}},"0-1536-1791-5x1-2816-3071-5x5-0-29-1":{"dataSum":0,"pixMax":0,"pixSum":0,"factor":1.0,"meta":{"1":{"dim":1,"start":2816,"zmlevel":5,"end":3071},"0":{"dim":0,"start":1536,"zmlevel":5,"end":1791},"5":{"dim":5,"start":0,"zmlevel":1,"end":29}}},"0-1024-1279-5x1-3072-3327-5x5-0-29-1":{"dataSum":0,"pixMax":0,"pixSum":0,"factor":1.0,"meta":{"1":{"dim":1,"start":3072,"zmlevel":5,"end":3327},"0":{"dim":0,"start":1024,"zmlevel":5,"end":1279},"5":{"dim":5,"start":0,"zmlevel":1,"end":29}}},"0-1536-1791-5x1-2048-2303-5x5-0-29-1":{"dataSum":0,"pixMax":0,"pixSum":0,"factor":1.0,"meta":{"1":{"dim":1,"start":2048,"zmlevel":5,"end":2303},"0":{"dim":0,"start":1536,"zmlevel":5,"end":1791},"5":{"dim":5,"start":0,"zmlevel":1,"end":29}}},"globalMaxProj":{"0x1":2064},"0-2048-2303-5x1-768-1023-5x5-0-29-1":{"dataSum":93,"pixMax":36,"pixSum":93,"factor":1.0,"meta":{"1":{"dim":1,"start":768,"zmlevel":5,"end":1023},"0":{"dim":0,"start":2048,"zmlevel":5,"end":2303},"5":{"dim":5,"start":0,"zmlevel":1,"end":29}}},"0-768-1023-5x1-2304-2559-5x5-0-29-1":{"dataSum":21,"pixMax":21,"pixSum":21,"factor":1.0,"meta":{"1":{"dim":1,"start":2304,"zmlevel":5,"end":2559},"0":{"dim":0,"start":768,"zmlevel":5,"end":1023},"5":{"dim":5,"start":0,"zmlevel":1,"end":29}}},"0-3072-3327-5x1-3584-3839-5x5-0-29-1":{"dataSum":0,"pixMax":0,"pixSum":0,"factor":1.0,"meta":{"1":{"dim":1,"start":3584,"zmlevel":5,"end":3839},"0":{"dim":0,"start":3072,"zmlevel":5,"end":3327},"5":{"dim":5,"start":0,"zmlevel":1,"end":29}}},"0-1280-1535-5x1-2048-2303-5x5-0-29-1":{"dataSum":6,"pixMax":4,"pixSum":6,"factor":1.0,"meta":{"1":{"dim":1,"start":2048,"zmlevel":5,"end":2303},"0":{"dim":0,"start":1280,"zmlevel":5,"end":1535},"5":{"dim":5,"start":0,"zmlevel":1,"end":29}}},"0-2304-2559-5x1-3328-3583-5x5-0-29-1":{"dataSum":0,"pixMax":0,"pixSum":0,"factor":1.0,"meta":{"1":{"dim":1,"start":3328,"zmlevel":5,"end":3583},"0":{"dim":0,"start":2304,"zmlevel":5,"end":2559},"5":{"dim":5,"start":0,"zmlevel":1,"end":29}}},"0-256-511-5x1-2304-2559-5x5-0-29-1":{"dataSum":0,"pixMax":0,"pixSum":0,"factor":1.0,"meta":{"1":{"dim":1,"start":2304,"zmlevel":5,"end":2559},"0":{"dim":0,"start":256,"zmlevel":5,"end":511},"5":{"dim":5,"start":0,"zmlevel":1,"end":29}}},"0-2304-2559-5x1-3584-3839-5x5-0-29-1":{"dataSum":0,"pixMax":0,"pixSum":0,"factor":1.0,"meta":{"1":{"dim":1,"start":3584,"zmlevel":5,"end":3839},"0":{"dim":0,"start":2304,"zmlevel":5,"end":2559},"5":{"dim":5,"start":0,"zmlevel":1,"end":29}}},"0-0-255-5x1-2304-2559-5x5-0-29-1":{"dataSum":0,"pixMax":0,"pixSum":0,"factor":1.0,"meta":{"1":{"dim":1,"start":2304,"zmlevel":5,"end":2559},"0":{"dim":0,"start":0,"zmlevel":5,"end":255},"5":{"dim":5,"start":0,"zmlevel":1,"end":29}}},"0-3328-3583-5x1-512-767-5x5-0-29-1":{"dataSum":0,"pixMax":0,"pixSum":0,"factor":1.0,"meta":{"1":{"dim":1,"start":512,"zmlevel":5,"end":767},"0":{"dim":0,"start":3328,"zmlevel":5,"end":3583},"5":{"dim":5,"start":0,"zmlevel":1,"end":29}}},"0-512-767-5x1-3328-3583-5x5-0-29-1":{"dataSum":0,"pixMax":0,"pixSum":0,"factor":1.0,"meta":{"1":{"dim":1,"start":3328,"zmlevel":5,"end":3583},"0":{"dim":0,"start":512,"zmlevel":5,"end":767},"5":{"dim":5,"start":0,"zmlevel":1,"end":29}}},"0-1536-1791-5x1-1024-1279-5x5-0-29-1":{"dataSum":6,"pixMax":3,"pixSum":6,"factor":1.0,"meta":{"1":{"dim":1,"start":1024,"zmlevel":5,"end":1279},"0":{"dim":0,"start":1536,"zmlevel":5,"end":1791},"5":{"dim":5,"start":0,"zmlevel":1,"end":29}}},"0-1792-2047-5x1-2816-3071-5x5-0-29-1":{"dataSum":0,"pixMax":0,"pixSum":0,"factor":1.0,"meta":{"1":{"dim":1,"start":2816,"zmlevel":5,"end":3071},"0":{"dim":0,"start":1792,"zmlevel":5,"end":2047},"5":{"dim":5,"start":0,"zmlevel":1,"end":29}}},"0-2560-2815-5x1-1536-1791-5x5-0-29-1":{"dataSum":13,"pixMax":2,"pixSum":13,"factor":1.0,"meta":{"1":{"dim":1,"start":1536,"zmlevel":5,"end":1791},"0":{"dim":0,"start":2560,"zmlevel":5,"end":2815},"5":{"dim":5,"start":0,"zmlevel":1,"end":29}}},"0-2560-2815-5x1-3584-3839-5x5-0-29-1":{"dataSum":0,"pixMax":0,"pixSum":0,"factor":1.0,"meta":{"1":{"dim":1,"start":3584,"zmlevel":5,"end":3839},"0":{"dim":0,"start":2560,"zmlevel":5,"end":2815},"5":{"dim":5,"start":0,"zmlevel":1,"end":29}}},"0-3328-3583-5x1-0-255-5x5-0-29-1":{"dataSum":0,"pixMax":0,"pixSum":0,"factor":1.0,"meta":{"1":{"dim":1,"start":0,"zmlevel":5,"end":255},"0":{"dim":0,"start":3328,"zmlevel":5,"end":3583},"5":{"dim":5,"start":0,"zmlevel":1,"end":29}}},"0-768-1023-5x1-2048-2303-5x5-0-29-1":{"dataSum":0,"pixMax":0,"pixSum":0,"factor":1.0,"meta":{"1":{"dim":1,"start":2048,"zmlevel":5,"end":2303},"0":{"dim":0,"start":768,"zmlevel":5,"end":1023},"5":{"dim":5,"start":0,"zmlevel":1,"end":29}}},"0-2816-3071-5x1-0-255-5x5-0-29-1":{"dataSum":0,"pixMax":0,"pixSum":0,"factor":1.0,"meta":{"1":{"dim":1,"start":0,"zmlevel":5,"end":255},"0":{"dim":0,"start":2816,"zmlevel":5,"end":3071},"5":{"dim":5,"start":0,"zmlevel":1,"end":29}}},"0-3584-3839-5x1-3840-4095-5x5-0-29-1":{"dataSum":0,"pixMax":0,"pixSum":0,"factor":1.0,"meta":{"1":{"dim":1,"start":3840,"zmlevel":5,"end":4095},"0":{"dim":0,"start":3584,"zmlevel":5,"end":3839},"5":{"dim":5,"start":0,"zmlevel":1,"end":29}}},"0-2560-2815-5x1-1792-2047-5x5-0-29-1":{"dataSum":6,"pixMax":4,"pixSum":6,"factor":1.0,"meta":{"1":{"dim":1,"start":1792,"zmlevel":5,"end":2047},"0":{"dim":0,"start":2560,"zmlevel":5,"end":2815},"5":{"dim":5,"start":0,"zmlevel":1,"end":29}}},"0-3072-3327-5x1-2048-2303-5x5-0-29-1":{"dataSum":8,"pixMax":4,"pixSum":8,"factor":1.0,"meta":{"1":{"dim":1,"start":2048,"zmlevel":5,"end":2303},"0":{"dim":0,"start":3072,"zmlevel":5,"end":3327},"5":{"dim":5,"start":0,"zmlevel":1,"end":29}}},"0-512-767-5x1-3584-3839-5x5-0-29-1":{"dataSum":0,"pixMax":0,"pixSum":0,"factor":1.0,"meta":{"1":{"dim":1,"start":3584,"zmlevel":5,"end":3839},"0":{"dim":0,"start":512,"zmlevel":5,"end":767},"5":{"dim":5,"start":0,"zmlevel":1,"end":29}}},"0-512-767-5x1-1792-2047-5x5-0-29-1":{"dataSum":0,"pixMax":0,"pixSum":0,"factor":1.0,"meta":{"1":{"dim":1,"start":1792,"zmlevel":5,"end":2047},"0":{"dim":0,"start":512,"zmlevel":5,"end":767},"5":{"dim":5,"start":0,"zmlevel":1,"end":29}}},"0-2304-2559-5x1-2304-2559-5x5-0-29-1":{"dataSum":9,"pixMax":3,"pixSum":9,"factor":1.0,"meta":{"1":{"dim":1,"start":2304,"zmlevel":5,"end":2559},"0":{"dim":0,"start":2304,"zmlevel":5,"end":2559},"5":{"dim":5,"start":0,"zmlevel":1,"end":29}}},"0-512-767-5x1-512-767-5x5-0-29-1":{"dataSum":0,"pixMax":0,"pixSum":0,"factor":1.0,"meta":{"1":{"dim":1,"start":512,"zmlevel":5,"end":767},"0":{"dim":0,"start":512,"zmlevel":5,"end":767},"5":{"dim":5,"start":0,"zmlevel":1,"end":29}}},"0-3840-4095-5x1-3328-3583-5x5-0-29-1":{"dataSum":0,"pixMax":0,"pixSum":0,"factor":1.0,"meta":{"1":{"dim":1,"start":3328,"zmlevel":5,"end":3583},"0":{"dim":0,"start":3840,"zmlevel":5,"end":4095},"5":{"dim":5,"start":0,"zmlevel":1,"end":29}}},"0-3840-4095-5x1-2048-2303-5x5-0-29-1":{"dataSum":9,"pixMax":6,"pixSum":9,"factor":1.0,"meta":{"1":{"dim":1,"start":2048,"zmlevel":5,"end":2303},"0":{"dim":0,"start":3840,"zmlevel":5,"end":4095},"5":{"dim":5,"start":0,"zmlevel":1,"end":29}}},"0-1280-1535-5x1-2304-2559-5x5-0-29-1":{"dataSum":26,"pixMax":7,"pixSum":26,"factor":1.0,"meta":{"1":{"dim":1,"start":2304,"zmlevel":5,"end":2559},"0":{"dim":0,"start":1280,"zmlevel":5,"end":1535},"5":{"dim":5,"start":0,"zmlevel":1,"end":29}}},"0-1536-1791-5x1-256-511-5x5-0-29-1":{"dataSum":0,"pixMax":0,"pixSum":0,"factor":1.0,"meta":{"1":{"dim":1,"start":256,"zmlevel":5,"end":511},"0":{"dim":0,"start":1536,"zmlevel":5,"end":1791},"5":{"dim":5,"start":0,"zmlevel":1,"end":29}}},"0-2560-2815-5x1-2560-2815-5x5-0-29-1":{"dataSum":0,"pixMax":0,"pixSum":0,"factor":1.0,"meta":{"1":{"dim":1,"start":2560,"zmlevel":5,"end":2815},"0":{"dim":0,"start":2560,"zmlevel":5,"end":2815},"5":{"dim":5,"start":0,"zmlevel":1,"end":29}}},"0-2560-2815-5x1-0-255-5x5-0-29-1":{"dataSum":0,"pixMax":0,"pixSum":0,"factor":1.0,"meta":{"1":{"dim":1,"start":0,"zmlevel":5,"end":255},"0":{"dim":0,"start":2560,"zmlevel":5,"end":2815},"5":{"dim":5,"start":0,"zmlevel":1,"end":29}}},"0-2048-2303-5x1-2048-2303-5x5-0-29-1":{"dataSum":0,"pixMax":0,"pixSum":0,"factor":1.0,"meta":{"1":{"dim":1,"start":2048,"zmlevel":5,"end":2303},"0":{"dim":0,"start":2048,"zmlevel":5,"end":2303},"5":{"dim":5,"start":0,"zmlevel":1,"end":29}}},"0-3072-3327-5x1-256-511-5x5-0-29-1":{"dataSum":0,"pixMax":0,"pixSum":0,"factor":1.0,"meta":{"1":{"dim":1,"start":256,"zmlevel":5,"end":511},"0":{"dim":0,"start":3072,"zmlevel":5,"end":3327},"5":{"dim":5,"start":0,"zmlevel":1,"end":29}}},"0-2560-2815-5x1-768-1023-5x5-0-29-1":{"dataSum":0,"pixMax":0,"pixSum":0,"factor":1.0,"meta":{"1":{"dim":1,"start":768,"zmlevel":5,"end":1023},"0":{"dim":0,"start":2560,"zmlevel":5,"end":2815},"5":{"dim":5,"start":0,"zmlevel":1,"end":29}}},"0-768-1023-5x1-3328-3583-5x5-0-29-1":{"dataSum":0,"pixMax":0,"pixSum":0,"factor":1.0,"meta":{"1":{"dim":1,"start":3328,"zmlevel":5,"end":3583},"0":{"dim":0,"start":768,"zmlevel":5,"end":1023},"5":{"dim":5,"start":0,"zmlevel":1,"end":29}}},"0-1280-1535-5x1-3328-3583-5x5-0-29-1":{"dataSum":0,"pixMax":0,"pixSum":0,"factor":1.0,"meta":{"1":{"dim":1,"start":3328,"zmlevel":5,"end":3583},"0":{"dim":0,"start":1280,"zmlevel":5,"end":1535},"5":{"dim":5,"start":0,"zmlevel":1,"end":29}}},"0-2560-2815-5x1-3072-3327-5x5-0-29-1":{"dataSum":0,"pixMax":0,"pixSum":0,"factor":1.0,"meta":{"1":{"dim":1,"start":3072,"zmlevel":5,"end":3327},"0":{"dim":0,"start":2560,"zmlevel":5,"end":2815},"5":{"dim":5,"start":0,"zmlevel":1,"end":29}}},"0-1792-2047-5x1-2048-2303-5x5-0-29-1":{"dataSum":0,"pixMax":0,"pixSum":0,"factor":1.0,"meta":{"1":{"dim":1,"start":2048,"zmlevel":5,"end":2303},"0":{"dim":0,"start":1792,"zmlevel":5,"end":2047},"5":{"dim":5,"start":0,"zmlevel":1,"end":29}}},"0-3584-3839-5x1-1536-1791-5x5-0-29-1":{"dataSum":392,"pixMax":27,"pixSum":392,"factor":1.0,"meta":{"1":{"dim":1,"start":1536,"zmlevel":5,"end":1791},"0":{"dim":0,"start":3584,"zmlevel":5,"end":3839},"5":{"dim":5,"start":0,"zmlevel":1,"end":29}}},"0-1024-1279-5x1-3584-3839-5x5-0-29-1":{"dataSum":0,"pixMax":0,"pixSum":0,"factor":1.0,"meta":{"1":{"dim":1,"start":3584,"zmlevel":5,"end":3839},"0":{"dim":0,"start":1024,"zmlevel":5,"end":1279},"5":{"dim":5,"start":0,"zmlevel":1,"end":29}}},"0-3584-3839-5x1-1792-2047-5x5-0-29-1":{"dataSum":0,"pixMax":0,"pixSum":0,"factor":1.0,"meta":{"1":{"dim":1,"start":1792,"zmlevel":5,"end":2047},"0":{"dim":0,"start":3584,"zmlevel":5,"end":3839},"5":{"dim":5,"start":0,"zmlevel":1,"end":29}}},"0-2048-2303-5x1-2304-2559-5x5-0-29-1":{"dataSum":0,"pixMax":0,"pixSum":0,"factor":1.0,"meta":{"1":{"dim":1,"start":2304,"zmlevel":5,"end":2559},"0":{"dim":0,"start":2048,"zmlevel":5,"end":2303},"5":{"dim":5,"start":0,"zmlevel":1,"end":29}}},"0-256-511-5x1-0-255-5x5-0-29-1":{"dataSum":0,"pixMax":0,"pixSum":0,"factor":1.0,"meta":{"1":{"dim":1,"start":0,"zmlevel":5,"end":255},"0":{"dim":0,"start":256,"zmlevel":5,"end":511},"5":{"dim":5,"start":0,"zmlevel":1,"end":29}}},"0-1280-1535-5x1-768-1023-5x5-0-29-1":{"dataSum":0,"pixMax":0,"pixSum":0,"factor":1.0,"meta":{"1":{"dim":1,"start":768,"zmlevel":5,"end":1023},"0":{"dim":0,"start":1280,"zmlevel":5,"end":1535},"5":{"dim":5,"start":0,"zmlevel":1,"end":29}}},"0-3072-3327-5x1-1792-2047-5x5-0-29-1":{"dataSum":59,"pixMax":16,"pixSum":59,"factor":1.0,"meta":{"1":{"dim":1,"start":1792,"zmlevel":5,"end":2047},"0":{"dim":0,"start":3072,"zmlevel":5,"end":3327},"5":{"dim":5,"start":0,"zmlevel":1,"end":29}}},"0-512-767-5x1-768-1023-5x5-0-29-1":{"dataSum":0,"pixMax":0,"pixSum":0,"factor":1.0,"meta":{"1":{"dim":1,"start":768,"zmlevel":5,"end":1023},"0":{"dim":0,"start":512,"zmlevel":5,"end":767},"5":{"dim":5,"start":0,"zmlevel":1,"end":29}}},"0-256-511-5x1-512-767-5x5-0-29-1":{"dataSum":0,"pixMax":0,"pixSum":0,"factor":1.0,"meta":{"1":{"dim":1,"start":512,"zmlevel":5,"end":767},"0":{"dim":0,"start":256,"zmlevel":5,"end":511},"5":{"dim":5,"start":0,"zmlevel":1,"end":29}}},"0-3584-3839-5x1-2816-3071-5x5-0-29-1":{"dataSum":0,"pixMax":0,"pixSum":0,"factor":1.0,"meta":{"1":{"dim":1,"start":2816,"zmlevel":5,"end":3071},"0":{"dim":0,"start":3584,"zmlevel":5,"end":3839},"5":{"dim":5,"start":0,"zmlevel":1,"end":29}}},"0-256-511-5x1-3328-3583-5x5-0-29-1":{"dataSum":0,"pixMax":0,"pixSum":0,"factor":1.0,"meta":{"1":{"dim":1,"start":3328,"zmlevel":5,"end":3583},"0":{"dim":0,"start":256,"zmlevel":5,"end":511},"5":{"dim":5,"start":0,"zmlevel":1,"end":29}}},"0-256-511-5x1-3840-4095-5x5-0-29-1":{"dataSum":0,"pixMax":0,"pixSum":0,"factor":1.0,"meta":{"1":{"dim":1,"start":3840,"zmlevel":5,"end":4095},"0":{"dim":0,"start":256,"zmlevel":5,"end":511},"5":{"dim":5,"start":0,"zmlevel":1,"end":29}}},"0-2048-2303-5x1-1280-1535-5x5-0-29-1":{"dataSum":863,"pixMax":165,"pixSum":863,"factor":1.0,"meta":{"1":{"dim":1,"start":1280,"zmlevel":5,"end":1535},"0":{"dim":0,"start":2048,"zmlevel":5,"end":2303},"5":{"dim":5,"start":0,"zmlevel":1,"end":29}}},"0-3072-3327-5x1-1280-1535-5x5-0-29-1":{"dataSum":30,"pixMax":18,"pixSum":30,"factor":1.0,"meta":{"1":{"dim":1,"start":1280,"zmlevel":5,"end":1535},"0":{"dim":0,"start":3072,"zmlevel":5,"end":3327},"5":{"dim":5,"start":0,"zmlevel":1,"end":29}}},"0-3072-3327-5x1-512-767-5x5-0-29-1":{"dataSum":0,"pixMax":0,"pixSum":0,"factor":1.0,"meta":{"1":{"dim":1,"start":512,"zmlevel":5,"end":767},"0":{"dim":0,"start":3072,"zmlevel":5,"end":3327},"5":{"dim":5,"start":0,"zmlevel":1,"end":29}}},"0-2048-2303-5x1-3584-3839-5x5-0-29-1":{"dataSum":1,"pixMax":1,"pixSum":1,"factor":1.0,"meta":{"1":{"dim":1,"start":3584,"zmlevel":5,"end":3839},"0":{"dim":0,"start":2048,"zmlevel":5,"end":2303},"5":{"dim":5,"start":0,"zmlevel":1,"end":29}}},"0-2816-3071-5x1-256-511-5x5-0-29-1":{"dataSum":0,"pixMax":0,"pixSum":0,"factor":1.0,"meta":{"1":{"dim":1,"start":256,"zmlevel":5,"end":511},"0":{"dim":0,"start":2816,"zmlevel":5,"end":3071},"5":{"dim":5,"start":0,"zmlevel":1,"end":29}}},"0-3072-3327-5x1-2560-2815-5x5-0-29-1":{"dataSum":0,"pixMax":0,"pixSum":0,"factor":1.0,"meta":{"1":{"dim":1,"start":2560,"zmlevel":5,"end":2815},"0":{"dim":0,"start":3072,"zmlevel":5,"end":3327},"5":{"dim":5,"start":0,"zmlevel":1,"end":29}}},"0-0-255-5x1-2560-2815-5x5-0-29-1":{"dataSum":0,"pixMax":0,"pixSum":0,"factor":1.0,"meta":{"1":{"dim":1,"start":2560,"zmlevel":5,"end":2815},"0":{"dim":0,"start":0,"zmlevel":5,"end":255},"5":{"dim":5,"start":0,"zmlevel":1,"end":29}}},"0-1280-1535-5x1-3584-3839-5x5-0-29-1":{"dataSum":0,"pixMax":0,"pixSum":0,"factor":1.0,"meta":{"1":{"dim":1,"start":3584,"zmlevel":5,"end":3839},"0":{"dim":0,"start":1280,"zmlevel":5,"end":1535},"5":{"dim":5,"start":0,"zmlevel":1,"end":29}}},"0-768-1023-5x1-1536-1791-5x5-0-29-1":{"dataSum":754,"pixMax":75,"pixSum":754,"factor":1.0,"meta":{"1":{"dim":1,"start":1536,"zmlevel":5,"end":1791},"0":{"dim":0,"start":768,"zmlevel":5,"end":1023},"5":{"dim":5,"start":0,"zmlevel":1,"end":29}}},"0-0-255-5x1-3072-3327-5x5-0-29-1":{"dataSum":0,"pixMax":0,"pixSum":0,"factor":1.0,"meta":{"1":{"dim":1,"start":3072,"zmlevel":5,"end":3327},"0":{"dim":0,"start":0,"zmlevel":5,"end":255},"5":{"dim":5,"start":0,"zmlevel":1,"end":29}}},"0-2304-2559-5x1-768-1023-5x5-0-29-1":{"dataSum":1,"pixMax":1,"pixSum":1,"factor":1.0,"meta":{"1":{"dim":1,"start":768,"zmlevel":5,"end":1023},"0":{"dim":0,"start":2304,"zmlevel":5,"end":2559},"5":{"dim":5,"start":0,"zmlevel":1,"end":29}}},"0-256-511-5x1-768-1023-5x5-0-29-1":{"dataSum":0,"pixMax":0,"pixSum":0,"factor":1.0,"meta":{"1":{"dim":1,"start":768,"zmlevel":5,"end":1023},"0":{"dim":0,"start":256,"zmlevel":5,"end":511},"5":{"dim":5,"start":0,"zmlevel":1,"end":29}}},"0-2048-2303-5x1-3072-3327-5x5-0-29-1":{"dataSum":0,"pixMax":0,"pixSum":0,"factor":1.0,"meta":{"1":{"dim":1,"start":3072,"zmlevel":5,"end":3327},"0":{"dim":0,"start":2048,"zmlevel":5,"end":2303},"5":{"dim":5,"start":0,"zmlevel":1,"end":29}}},"0-3840-4095-5x1-1792-2047-5x5-0-29-1":{"dataSum":0,"pixMax":0,"pixSum":0,"factor":1.0,"meta":{"1":{"dim":1,"start":1792,"zmlevel":5,"end":2047},"0":{"dim":0,"start":3840,"zmlevel":5,"end":4095},"5":{"dim":5,"start":0,"zmlevel":1,"end":29}}},"0-1792-2047-5x1-512-767-5x5-0-29-1":{"dataSum":0,"pixMax":0,"pixSum":0,"factor":1.0,"meta":{"1":{"dim":1,"start":512,"zmlevel":5,"end":767},"0":{"dim":0,"start":1792,"zmlevel":5,"end":2047},"5":{"dim":5,"start":0,"zmlevel":1,"end":29}}},"0-0-255-5x1-2048-2303-5x5-0-29-1":{"dataSum":12,"pixMax":5,"pixSum":12,"factor":1.0,"meta":{"1":{"dim":1,"start":2048,"zmlevel":5,"end":2303},"0":{"dim":0,"start":0,"zmlevel":5,"end":255},"5":{"dim":5,"start":0,"zmlevel":1,"end":29}}},"0-1536-1791-5x1-0-255-5x5-0-29-1":{"dataSum":0,"pixMax":0,"pixSum":0,"factor":1.0,"meta":{"1":{"dim":1,"start":0,"zmlevel":5,"end":255},"0":{"dim":0,"start":1536,"zmlevel":5,"end":1791},"5":{"dim":5,"start":0,"zmlevel":1,"end":29}}},"0-3328-3583-5x1-1792-2047-5x5-0-29-1":{"dataSum":9,"pixMax":3,"pixSum":9,"factor":1.0,"meta":{"1":{"dim":1,"start":1792,"zmlevel":5,"end":2047},"0":{"dim":0,"start":3328,"zmlevel":5,"end":3583},"5":{"dim":5,"start":0,"zmlevel":1,"end":29}}},"0-3072-3327-5x1-0-255-5x5-0-29-1":{"dataSum":0,"pixMax":0,"pixSum":0,"factor":1.0,"meta":{"1":{"dim":1,"start":0,"zmlevel":5,"end":255},"0":{"dim":0,"start":3072,"zmlevel":5,"end":3327},"5":{"dim":5,"start":0,"zmlevel":1,"end":29}}},"0-3328-3583-5x1-256-511-5x5-0-29-1":{"dataSum":0,"pixMax":0,"pixSum":0,"factor":1.0,"meta":{"1":{"dim":1,"start":256,"zmlevel":5,"end":511},"0":{"dim":0,"start":3328,"zmlevel":5,"end":3583},"5":{"dim":5,"start":0,"zmlevel":1,"end":29}}},"0-3840-4095-5x1-3584-3839-5x5-0-29-1":{"dataSum":0,"pixMax":0,"pixSum":0,"factor":1.0,"meta":{"1":{"dim":1,"start":3584,"zmlevel":5,"end":3839},"0":{"dim":0,"start":3840,"zmlevel":5,"end":4095},"5":{"dim":5,"start":0,"zmlevel":1,"end":29}}},"0-1024-1279-5x1-3328-3583-5x5-0-29-1":{"dataSum":0,"pixMax":0,"pixSum":0,"factor":1.0,"meta":{"1":{"dim":1,"start":3328,"zmlevel":5,"end":3583},"0":{"dim":0,"start":1024,"zmlevel":5,"end":1279},"5":{"dim":5,"start":0,"zmlevel":1,"end":29}}},"0-1536-1791-5x1-3584-3839-5x5-0-29-1":{"dataSum":0,"pixMax":0,"pixSum":0,"factor":1.0,"meta":{"1":{"dim":1,"start":3584,"zmlevel":5,"end":3839},"0":{"dim":0,"start":1536,"zmlevel":5,"end":1791},"5":{"dim":5,"start":0,"zmlevel":1,"end":29}}},"0-2816-3071-5x1-1536-1791-5x5-0-29-1":{"dataSum":36,"pixMax":15,"pixSum":36,"factor":1.0,"meta":{"1":{"dim":1,"start":1536,"zmlevel":5,"end":1791},"0":{"dim":0,"start":2816,"zmlevel":5,"end":3071},"5":{"dim":5,"start":0,"zmlevel":1,"end":29}}},"0-3328-3583-5x1-3328-3583-5x5-0-29-1":{"dataSum":0,"pixMax":0,"pixSum":0,"factor":1.0,"meta":{"1":{"dim":1,"start":3328,"zmlevel":5,"end":3583},"0":{"dim":0,"start":3328,"zmlevel":5,"end":3583},"5":{"dim":5,"start":0,"zmlevel":1,"end":29}}},"0-3584-3839-5x1-0-255-5x5-0-29-1":{"dataSum":0,"pixMax":0,"pixSum":0,"factor":1.0,"meta":{"1":{"dim":1,"start":0,"zmlevel":5,"end":255},"0":{"dim":0,"start":3584,"zmlevel":5,"end":3839},"5":{"dim":5,"start":0,"zmlevel":1,"end":29}}},"0-2816-3071-5x1-3072-3327-5x5-0-29-1":{"dataSum":0,"pixMax":0,"pixSum":0,"factor":1.0,"meta":{"1":{"dim":1,"start":3072,"zmlevel":5,"end":3327},"0":{"dim":0,"start":2816,"zmlevel":5,"end":3071},"5":{"dim":5,"start":0,"zmlevel":1,"end":29}}},"0-2304-2559-5x1-2816-3071-5x5-0-29-1":{"dataSum":0,"pixMax":0,"pixSum":0,"factor":1.0,"meta":{"1":{"dim":1,"start":2816,"zmlevel":5,"end":3071},"0":{"dim":0,"start":2304,"zmlevel":5,"end":2559},"5":{"dim":5,"start":0,"zmlevel":1,"end":29}}},"0-1024-1279-5x1-1792-2047-5x5-0-29-1":{"dataSum":41,"pixMax":10,"pixSum":41,"factor":1.0,"meta":{"1":{"dim":1,"start":1792,"zmlevel":5,"end":2047},"0":{"dim":0,"start":1024,"zmlevel":5,"end":1279},"5":{"dim":5,"start":0,"zmlevel":1,"end":29}}},"0-2560-2815-5x1-3840-4095-5x5-0-29-1":{"dataSum":0,"pixMax":0,"pixSum":0,"factor":1.0,"meta":{"1":{"dim":1,"start":3840,"zmlevel":5,"end":4095},"0":{"dim":0,"start":2560,"zmlevel":5,"end":2815},"5":{"dim":5,"start":0,"zmlevel":1,"end":29}}},"0-512-767-5x1-3072-3327-5x5-0-29-1":{"dataSum":0,"pixMax":0,"pixSum":0,"factor":1.0,"meta":{"1":{"dim":1,"start":3072,"zmlevel":5,"end":3327},"0":{"dim":0,"start":512,"zmlevel":5,"end":767},"5":{"dim":5,"start":0,"zmlevel":1,"end":29}}},"0-1280-1535-5x1-1280-1535-5x5-0-29-1":{"dataSum":38,"pixMax":17,"pixSum":38,"factor":1.0,"meta":{"1":{"dim":1,"start":1280,"zmlevel":5,"end":1535},"0":{"dim":0,"start":1280,"zmlevel":5,"end":1535},"5":{"dim":5,"start":0,"zmlevel":1,"end":29}}},"0-1792-2047-5x1-1024-1279-5x5-0-29-1":{"dataSum":58,"pixMax":21,"pixSum":58,"factor":1.0,"meta":{"1":{"dim":1,"start":1024,"zmlevel":5,"end":1279},"0":{"dim":0,"start":1792,"zmlevel":5,"end":2047},"5":{"dim":5,"start":0,"zmlevel":1,"end":29}}},"0-2816-3071-5x1-512-767-5x5-0-29-1":{"dataSum":0,"pixMax":0,"pixSum":0,"factor":1.0,"meta":{"1":{"dim":1,"start":512,"zmlevel":5,"end":767},"0":{"dim":0,"start":2816,"zmlevel":5,"end":3071},"5":{"dim":5,"start":0,"zmlevel":1,"end":29}}},"0-512-767-5x1-0-255-5x5-0-29-1":{"dataSum":0,"pixMax":0,"pixSum":0,"factor":1.0,"meta":{"1":{"dim":1,"start":0,"zmlevel":5,"end":255},"0":{"dim":0,"start":512,"zmlevel":5,"end":767},"5":{"dim":5,"start":0,"zmlevel":1,"end":29}}},"0-2816-3071-5x1-1792-2047-5x5-0-29-1":{"dataSum":17,"pixMax":5,"pixSum":17,"factor":1.0,"meta":{"1":{"dim":1,"start":1792,"zmlevel":5,"end":2047},"0":{"dim":0,"start":2816,"zmlevel":5,"end":3071},"5":{"dim":5,"start":0,"zmlevel":1,"end":29}}},"0-768-1023-5x1-1280-1535-5x5-0-29-1":{"dataSum":212,"pixMax":41,"pixSum":212,"factor":1.0,"meta":{"1":{"dim":1,"start":1280,"zmlevel":5,"end":1535},"0":{"dim":0,"start":768,"zmlevel":5,"end":1023},"5":{"dim":5,"start":0,"zmlevel":1,"end":29}}},"0-1536-1791-5x1-1280-1535-5x5-0-29-1":{"dataSum":0,"pixMax":0,"pixSum":0,"factor":1.0,"meta":{"1":{"dim":1,"start":1280,"zmlevel":5,"end":1535},"0":{"dim":0,"start":1536,"zmlevel":5,"end":1791},"5":{"dim":5,"start":0,"zmlevel":1,"end":29}}},"0-3072-3327-5x1-2304-2559-5x5-0-29-1":{"dataSum":0,"pixMax":0,"pixSum":0,"factor":1.0,"meta":{"1":{"dim":1,"start":2304,"zmlevel":5,"end":2559},"0":{"dim":0,"start":3072,"zmlevel":5,"end":3327},"5":{"dim":5,"start":0,"zmlevel":1,"end":29}}},"0-2816-3071-5x1-3584-3839-5x5-0-29-1":{"dataSum":0,"pixMax":0,"pixSum":0,"factor":1.0,"meta":{"1":{"dim":1,"start":3584,"zmlevel":5,"end":3839},"0":{"dim":0,"start":2816,"zmlevel":5,"end":3071},"5":{"dim":5,"start":0,"zmlevel":1,"end":29}}},"0-3328-3583-5x1-2560-2815-5x5-0-29-1":{"dataSum":0,"pixMax":0,"pixSum":0,"factor":1.0,"meta":{"1":{"dim":1,"start":2560,"zmlevel":5,"end":2815},"0":{"dim":0,"start":3328,"zmlevel":5,"end":3583},"5":{"dim":5,"start":0,"zmlevel":1,"end":29}}},"0-3072-3327-5x1-1536-1791-5x5-0-29-1":{"dataSum":17,"pixMax":3,"pixSum":17,"factor":1.0,"meta":{"1":{"dim":1,"start":1536,"zmlevel":5,"end":1791},"0":{"dim":0,"start":3072,"zmlevel":5,"end":3327},"5":{"dim":5,"start":0,"zmlevel":1,"end":29}}},"0-1024-1279-5x1-0-255-5x5-0-29-1":{"dataSum":0,"pixMax":0,"pixSum":0,"factor":1.0,"meta":{"1":{"dim":1,"start":0,"zmlevel":5,"end":255},"0":{"dim":0,"start":1024,"zmlevel":5,"end":1279},"5":{"dim":5,"start":0,"zmlevel":1,"end":29}}}}