{"0-512-767-4x1-1792-2047-4x4-0-23-0":{"dataSum":0,"pixSum":0,"pixMax":0,"factor":1.0,"meta":{"1":{"dim":1,"start":1792,"zmlevel":4,"end":2047},"0":{"dim":0,"start":512,"zmlevel":4,"end":767},"4":{"dim":4,"start":0,"zmlevel":0,"end":23}}},"0-0-255-4x1-256-511-4x4-0-23-0":{"dataSum":40,"pixSum":40,"pixMax":4,"factor":1.0,"meta":{"1":{"dim":1,"start":256,"zmlevel":4,"end":511},"0":{"dim":0,"start":0,"zmlevel":4,"end":255},"4":{"dim":4,"start":0,"zmlevel":0,"end":23}}},"0-1536-1791-4x1-768-1023-4x4-0-23-0":{"dataSum":147887,"pixSum":147887,"pixMax":779,"factor":1.0,"meta":{"1":{"dim":1,"start":768,"zmlevel":4,"end":1023},"0":{"dim":0,"start":1536,"zmlevel":4,"end":1791},"4":{"dim":4,"start":0,"zmlevel":0,"end":23}}},"0-0-255-4x1-1024-1279-4x4-0-23-0":{"dataSum":2427,"pixSum":2427,"pixMax":158,"factor":1.0,"meta":{"1":{"dim":1,"start":1024,"zmlevel":4,"end":1279},"0":{"dim":0,"start":0,"zmlevel":4,"end":255},"4":{"dim":4,"start":0,"zmlevel":0,"end":23}}},"0-256-511-4x1-768-1023-4x4-0-23-0":{"dataSum":1293060,"pixSum":1293060,"pixMax":5753,"factor":1.0,"meta":{"1":{"dim":1,"start":768,"zmlevel":4,"end":1023},"0":{"dim":0,"start":256,"zmlevel":4,"end":511},"4":{"dim":4,"start":0,"zmlevel":0,"end":23}}},"0-1280-1535-4x1-256-511-4x4-0-23-0":{"dataSum":3,"pixSum":3,"pixMax":1,"factor":1.0,"meta":{"1":{"dim":1,"start":256,"zmlevel":4,"end":511},"0":{"dim":0,"start":1280,"zmlevel":4,"end":1535},"4":{"dim":4,"start":0,"zmlevel":0,"end":23}}},"0-256-511-4x1-256-511-4x4-0-23-0":{"dataSum":1,"pixSum":1,"pixMax":1,"factor":1.0,"meta":{"1":{"dim":1,"start":256,"zmlevel":4,"end":511},"0":{"dim":0,"start":256,"zmlevel":4,"end":511},"4":{"dim":4,"start":0,"zmlevel":0,"end":23}}},"0-768-1023-4x1-768-1023-4x4-0-23-0":{"dataSum":32298,"pixSum":32298,"pixMax":310,"factor":1.0,"meta":{"1":{"dim":1,"start":768,"zmlevel":4,"end":1023},"0":{"dim":0,"start":768,"zmlevel":4,"end":1023},"4":{"dim":4,"start":0,"zmlevel":0,"end":23}}},"0-1536-1791-4x1-0-255-4x4-0-23-0":{"dataSum":0,"pixSum":0,"pixMax":0,"factor":1.0,"meta":{"1":{"dim":1,"start":0,"zmlevel":4,"end":255},"0":{"dim":0,"start":1536,"zmlevel":4,"end":1791},"4":{"dim":4,"start":0,"zmlevel":0,"end":23}}},"0-1792-2047-4x1-1536-1791-4x4-0-23-0":{"dataSum":0,"pixSum":0,"pixMax":0,"factor":1.0,"meta":{"1":{"dim":1,"start":1536,"zmlevel":4,"end":1791},"0":{"dim":0,"start":1792,"zmlevel":4,"end":2047},"4":{"dim":4,"start":0,"zmlevel":0,"end":23}}},"0-1280-1535-4x1-768-1023-4x4-0-23-0":{"dataSum":31245,"pixSum":31245,"pixMax":699,"factor":1.0,"meta":{"1":{"dim":1,"start":768,"zmlevel":4,"end":1023},"0":{"dim":0,"start":1280,"zmlevel":4,"end":1535},"4":{"dim":4,"start":0,"zmlevel":0,"end":23}}},"0-1536-1791-4x1-256-511-4x4-0-23-0":{"dataSum":0,"pixSum":0,"pixMax":0,"factor":1.0,"meta":{"1":{"dim":1,"start":256,"zmlevel":4,"end":511},"0":{"dim":0,"start":1536,"zmlevel":4,"end":1791},"4":{"dim":4,"start":0,"zmlevel":0,"end":23}}},"0-1280-1535-4x1-1792-2047-4x4-0-23-0":{"dataSum":0,"pixSum":0,"pixMax":0,"factor":1.0,"meta":{"1":{"dim":1,"start":1792,"zmlevel":4,"end":2047},"0":{"dim":0,"start":1280,"zmlevel":4,"end":1535},"4":{"dim":4,"start":0,"zmlevel":0,"end":23}}},"0-1280-1535-4x1-512-767-4x4-0-23-0":{"dataSum":897,"pixSum":897,"pixMax":48,"factor":1.0,"meta":{"1":{"dim":1,"start":512,"zmlevel":4,"end":767},"0":{"dim":0,"start":1280,"zmlevel":4,"end":1535},"4":{"dim":4,"start":0,"zmlevel":0,"end":23}}},"0-1024-1279-4x1-1280-1535-4x4-0-23-0":{"dataSum":1,"pixSum":1,"pixMax":1,"factor":1.0,"meta":{"1":{"dim":1,"start":1280,"zmlevel":4,"end":1535},"0":{"dim":0,"start":1024,"zmlevel":4,"end":1279},"4":{"dim":4,"start":0,"zmlevel":0,"end":23}}},"0-256-511-4x1-1792-2047-4x4-0-23-0":{"dataSum":0,"pixSum":0,"pixMax":0,"factor":1.0,"meta":{"1":{"dim":1,"start":1792,"zmlevel":4,"end":2047},"0":{"dim":0,"start":256,"zmlevel":4,"end":511},"4":{"dim":4,"start":0,"zmlevel":0,"end":23}}},"0-1024-1279-4x1-512-767-4x4-0-23-0":{"dataSum":452531,"pixSum":452531,"pixMax":1659,"factor":1.0,"meta":{"1":{"dim":1,"start":512,"zmlevel":4,"end":767},"0":{"dim":0,"start":1024,"zmlevel":4,"end":1279},"4":{"dim":4,"start":0,"zmlevel":0,"end":23}}},"0-768-1023-4x1-512-767-4x4-0-23-0":{"dataSum":218482,"pixSum":218482,"pixMax":1363,"factor":1.0,"meta":{"1":{"dim":1,"start":512,"zmlevel":4,"end":767},"0":{"dim":0,"start":768,"zmlevel":4,"end":1023},"4":{"dim":4,"start":0,"zmlevel":0,"end":23}}},"0-1792-2047-4x1-0-255-4x4-0-23-0":{"dataSum":0,"pixSum":0,"pixMax":0,"factor":1.0,"meta":{"1":{"dim":1,"start":0,"zmlevel":4,"end":255},"0":{"dim":0,"start":1792,"zmlevel":4,"end":2047},"4":{"dim":4,"start":0,"zmlevel":0,"end":23}}},"0-768-1023-4x1-1536-1791-4x4-0-23-0":{"dataSum":45,"pixSum":45,"pixMax":7,"factor":1.0,"meta":{"1":{"dim":1,"start":1536,"zmlevel":4,"end":1791},"0":{"dim":0,"start":768,"zmlevel":4,"end":1023},"4":{"dim":4,"start":0,"zmlevel":0,"end":23}}},"globalMinProj":{"0x1":1},"0-1536-1791-4x1-1280-1535-4x4-0-23-0":{"dataSum":0,"pixSum":0,"pixMax":0,"factor":1.0,"meta":{"1":{"dim":1,"start":1280,"zmlevel":4,"end":1535},"0":{"dim":0,"start":1536,"zmlevel":4,"end":1791},"4":{"dim":4,"start":0,"zmlevel":0,"end":23}}},"0-1280-1535-4x1-1280-1535-4x4-0-23-0":{"dataSum":1,"pixSum":1,"pixMax":1,"factor":1.0,"meta":{"1":{"dim":1,"start":1280,"zmlevel":4,"end":1535},"0":{"dim":0,"start":1280,"zmlevel":4,"end":1535},"4":{"dim":4,"start":0,"zmlevel":0,"end":23}}},"0-256-511-4x1-0-255-4x4-0-23-0":{"dataSum":4,"pixSum":4,"pixMax":1,"factor":1.0,"meta":{"1":{"dim":1,"start":0,"zmlevel":4,"end":255},"0":{"dim":0,"start":256,"zmlevel":4,"end":511},"4":{"dim":4,"start":0,"zmlevel":0,"end":23}}},"0-0-255-4x1-768-1023-4x4-0-23-0":{"dataSum":51131,"pixSum":51131,"pixMax":1586,"factor":1.0,"meta":{"1":{"dim":1,"start":768,"zmlevel":4,"end":1023},"0":{"dim":0,"start":0,"zmlevel":4,"end":255},"4":{"dim":4,"start":0,"zmlevel":0,"end":23}}},"0-0-255-4x1-1792-2047-4x4-0-23-0":{"dataSum":0,"pixSum":0,"pixMax":0,"factor":1.0,"meta":{"1":{"dim":1,"start":1792,"zmlevel":4,"end":2047},"0":{"dim":0,"start":0,"zmlevel":4,"end":255},"4":{"dim":4,"start":0,"zmlevel":0,"end":23}}},"0-512-767-4x1-0-255-4x4-0-23-0":{"dataSum":0,"pixSum":0,"pixMax":0,"factor":1.0,"meta":{"1":{"dim":1,"start":0,"zmlevel":4,"end":255},"0":{"dim":0,"start":512,"zmlevel":4,"end":767},"4":{"dim":4,"start":0,"zmlevel":0,"end":23}}},"0-512-767-4x1-1536-1791-4x4-0-23-0":{"dataSum":0,"pixSum":0,"pixMax":0,"factor":1.0,"meta":{"1":{"dim":1,"start":1536,"zmlevel":4,"end":1791},"0":{"dim":0,"start":512,"zmlevel":4,"end":767},"4":{"dim":4,"start":0,"zmlevel":0,"end":23}}},"0-1280-1535-4x1-1024-1279-4x4-0-23-0":{"dataSum":210,"pixSum":210,"pixMax":19,"factor":1.0,"meta":{"1":{"dim":1,"start":1024,"zmlevel":4,"end":1279},"0":{"dim":0,"start":1280,"zmlevel":4,"end":1535},"4":{"dim":4,"start":0,"zmlevel":0,"end":23}}},"0-1792-2047-4x1-1280-1535-4x4-0-23-0":{"dataSum":11055,"pixSum":11055,"pixMax":432,"factor":1.0,"meta":{"1":{"dim":1,"start":1280,"zmlevel":4,"end":1535},"0":{"dim":0,"start":1792,"zmlevel":4,"end":2047},"4":{"dim":4,"start":0,"zmlevel":0,"end":23}}},"globalMaxProj":{"0x1":103460},"0-1280-1535-4x1-1536-1791-4x4-0-23-0":{"dataSum":0,"pixSum":0,"pixMax":0,"factor":1.0,"meta":{"1":{"dim":1,"start":1536,"zmlevel":4,"end":1791},"0":{"dim":0,"start":1280,"zmlevel":4,"end":1535},"4":{"dim":4,"start":0,"zmlevel":0,"end":23}}},"0-1536-1791-4x1-1024-1279-4x4-0-23-0":{"dataSum":20348,"pixSum":20348,"pixMax":607,"factor":1.0,"meta":{"1":{"dim":1,"start":1024,"zmlevel":4,"end":1279},"0":{"dim":0,"start":1536,"zmlevel":4,"end":1791},"4":{"dim":4,"start":0,"zmlevel":0,"end":23}}},"0-0-255-4x1-0-255-4x4-0-23-0":{"dataSum":0,"pixSum":0,"pixMax":0,"factor":1.0,"meta":{"1":{"dim":1,"start":0,"zmlevel":4,"end":255},"0":{"dim":0,"start":0,"zmlevel":4,"end":255},"4":{"dim":4,"start":0,"zmlevel":0,"end":23}}},"0-0-255-4x1-1536-1791-4x4-0-23-0":{"dataSum":0,"pixSum":0,"pixMax":0,"factor":1.0,"meta":{"1":{"dim":1,"start":1536,"zmlevel":4,"end":1791},"0":{"dim":0,"start":0,"zmlevel":4,"end":255},"4":{"dim":4,"start":0,"zmlevel":0,"end":23}}},"0-512-767-4x1-256-511-4x4-0-23-0":{"dataSum":1,"pixSum":1,"pixMax":1,"factor":1.0,"meta":{"1":{"dim":1,"start":256,"zmlevel":4,"end":511},"0":{"dim":0,"start":512,"zmlevel":4,"end":767},"4":{"dim":4,"start":0,"zmlevel":0,"end":23}}},"0-768-1023-4x1-256-511-4x4-0-23-0":{"dataSum":6,"pixSum":6,"pixMax":2,"factor":1.0,"meta":{"1":{"dim":1,"start":256,"zmlevel":4,"end":511},"0":{"dim":0,"start":768,"zmlevel":4,"end":1023},"4":{"dim":4,"start":0,"zmlevel":0,"end":23}}},"0-256-511-4x1-1536-1791-4x4-0-23-0":{"dataSum":0,"pixSum":0,"pixMax":0,"factor":1.0,"meta":{"1":{"dim":1,"start":1536,"zmlevel":4,"end":1791},"0":{"dim":0,"start":256,"zmlevel":4,"end":511},"4":{"dim":4,"start":0,"zmlevel":0,"end":23}}},"0-256-511-4x1-512-767-4x4-0-23-0":{"dataSum":292039,"pixSum":292039,"pixMax":2865,"factor":1.0,"meta":{"1":{"dim":1,"start":512,"zmlevel":4,"end":767},"0":{"dim":0,"start":256,"zmlevel":4,"end":511},"4":{"dim":4,"start":0,"zmlevel":0,"end":23}}},"0-512-767-4x1-1280-1535-4x4-0-23-0":{"dataSum":207,"pixSum":207,"pixMax":8,"factor":1.0,"meta":{"1":{"dim":1,"start":1280,"zmlevel":4,"end":1535},"0":{"dim":0,"start":512,"zmlevel":4,"end":767},"4":{"dim":4,"start":0,"zmlevel":0,"end":23}}},"0-1792-2047-4x1-1792-2047-4x4-0-23-0":{"dataSum":0,"pixSum":0,"pixMax":0,"factor":1.0,"meta":{"1":{"dim":1,"start":1792,"zmlevel":4,"end":2047},"0":{"dim":0,"start":1792,"zmlevel":4,"end":2047},"4":{"dim":4,"start":0,"zmlevel":0,"end":23}}},"0-1792-2047-4x1-256-511-4x4-0-23-0":{"dataSum":1,"pixSum":1,"pixMax":1,"factor":1.0,"meta":{"1":{"dim":1,"start":256,"zmlevel":4,"end":511},"0":{"dim":0,"start":1792,"zmlevel":4,"end":2047},"4":{"dim":4,"start":0,"zmlevel":0,"end":23}}},"0-768-1023-4x1-0-255-4x4-0-23-0":{"dataSum":0,"pixSum":0,"pixMax":0,"factor":1.0,"meta":{"1":{"dim":1,"start":0,"zmlevel":4,"end":255},"0":{"dim":0,"start":768,"zmlevel":4,"end":1023},"4":{"dim":4,"start":0,"zmlevel":0,"end":23}}},"0-768-1023-4x1-1792-2047-4x4-0-23-0":{"dataSum":0,"pixSum":0,"pixMax":0,"factor":1.0,"meta":{"1":{"dim":1,"start":1792,"zmlevel":4,"end":2047},"0":{"dim":0,"start":768,"zmlevel":4,"end":1023},"4":{"dim":4,"start":0,"zmlevel":0,"end":23}}},"0-1024-1279-4x1-1792-2047-4x4-0-23-0":{"dataSum":47,"pixSum":47,"pixMax":6,"factor":1.0,"meta":{"1":{"dim":1,"start":1792,"zmlevel":4,"end":2047},"0":{"dim":0,"start":1024,"zmlevel":4,"end":1279},"4":{"dim":4,"start":0,"zmlevel":0,"end":23}}},"0-1792-2047-4x1-768-1023-4x4-0-23-0":{"dataSum":364520,"pixSum":364520,"pixMax":7393,"factor":1.0,"meta":{"1":{"dim":1,"start":768,"zmlevel":4,"end":1023},"0":{"dim":0,"start":1792,"zmlevel":4,"end":2047},"4":{"dim":4,"start":0,"zmlevel":0,"end":23}}},"0-1536-1791-4x1-1792-2047-4x4-0-23-0":{"dataSum":0,"pixSum":0,"pixMax":0,"factor":1.0,"meta":{"1":{"dim":1,"start":1792,"zmlevel":4,"end":2047},"0":{"dim":0,"start":1536,"zmlevel":4,"end":1791},"4":{"dim":4,"start":0,"zmlevel":0,"end":23}}},"0-1792-2047-4x1-1024-1279-4x4-0-23-0":{"dataSum":94134,"pixSum":94134,"pixMax":1016,"factor":1.0,"meta":{"1":{"dim":1,"start":1024,"zmlevel":4,"end":1279},"0":{"dim":0,"start":1792,"zmlevel":4,"end":2047},"4":{"dim":4,"start":0,"zmlevel":0,"end":23}}},"0-1536-1791-4x1-1536-1791-4x4-0-23-0":{"dataSum":0,"pixSum":0,"pixMax":0,"factor":1.0,"meta":{"1":{"dim":1,"start":1536,"zmlevel":4,"end":1791},"0":{"dim":0,"start":1536,"zmlevel":4,"end":1791},"4":{"dim":4,"start":0,"zmlevel":0,"end":23}}},"0-1024-1279-4x1-1536-1791-4x4-0-23-0":{"dataSum":13,"pixSum":13,"pixMax":3,"factor":1.0,"meta":{"1":{"dim":1,"start":1536,"zmlevel":4,"end":1791},"0":{"dim":0,"start":1024,"zmlevel":4,"end":1279},"4":{"dim":4,"start":0,"zmlevel":0,"end":23}}},"0-1024-1279-4x1-0-255-4x4-0-23-0":{"dataSum":2,"pixSum":2,"pixMax":1,"factor":1.0,"meta":{"1":{"dim":1,"start":0,"zmlevel":4,"end":255},"0":{"dim":0,"start":1024,"zmlevel":4,"end":1279},"4":{"dim":4,"start":0,"zmlevel":0,"end":23}}},"0-1536-1791-4x1-512-767-4x4-0-23-0":{"dataSum":2385,"pixSum":2385,"pixMax":146,"factor":1.0,"meta":{"1":{"dim":1,"start":512,"zmlevel":4,"end":767},"0":{"dim":0,"start":1536,"zmlevel":4,"end":1791},"4":{"dim":4,"start":0,"zmlevel":0,"end":23}}},"0-256-511-4x1-1280-1535-4x4-0-23-0":{"dataSum":0,"pixSum":0,"pixMax":0,"factor":1.0,"meta":{"1":{"dim":1,"start":1280,"zmlevel":4,"end":1535},"0":{"dim":0,"start":256,"zmlevel":4,"end":511},"4":{"dim":4,"start":0,"zmlevel":0,"end":23}}},"0-256-511-4x1-1024-1279-4x4-0-23-0":{"dataSum":54,"pixSum":54,"pixMax":15,"factor":1.0,"meta":{"1":{"dim":1,"start":1024,"zmlevel":4,"end":1279},"0":{"dim":0,"start":256,"zmlevel":4,"end":511},"4":{"dim":4,"start":0,"zmlevel":0,"end":23}}},"0-1280-1535-4x1-0-255-4x4-0-23-0":{"dataSum":2,"pixSum":2,"pixMax":2,"factor":1.0,"meta":{"1":{"dim":1,"start":0,"zmlevel":4,"end":255},"0":{"dim":0,"start":1280,"zmlevel":4,"end":1535},"4":{"dim":4,"start":0,"zmlevel":0,"end":23}}},"0-1024-1279-4x1-1024-1279-4x4-0-23-0":{"dataSum":9897,"pixSum":9897,"pixMax":181,"factor":1.0,"meta":{"1":{"dim":1,"start":1024,"zmlevel":4,"end":1279},"0":{"dim":0,"start":1024,"zmlevel":4,"end":1279},"4":{"dim":4,"start":0,"zmlevel":0,"end":23}}},"0-0-255-4x1-1280-1535-4x4-0-23-0":{"dataSum":0,"pixSum":0,"pixMax":0,"factor":1.0,"meta":{"1":{"dim":1,"start":1280,"zmlevel":4,"end":1535},"0":{"dim":0,"start":0,"zmlevel":4,"end":255},"4":{"dim":4,"start":0,"zmlevel":0,"end":23}}},"0-512-767-4x1-768-1023-4x4-0-23-0":{"dataSum":971253,"pixSum":971253,"pixMax":3659,"factor":1.0,"meta":{"1":{"dim":1,"start":768,"zmlevel":4,"end":1023},"0":{"dim":0,"start":512,"zmlevel":4,"end":767},"4":{"dim":4,"start":0,"zmlevel":0,"end":23}}},"0-1792-2047-4x1-512-767-4x4-0-23-0":{"dataSum":17455,"pixSum":17455,"pixMax":442,"factor":1.0,"meta":{"1":{"dim":1,"start":512,"zmlevel":4,"end":767},"0":{"dim":0,"start":1792,"zmlevel":4,"end":2047},"4":{"dim":4,"start":0,"zmlevel":0,"end":23}}},"0-0-255-4x1-512-767-4x4-0-23-0":{"dataSum":8939,"pixSum":8939,"pixMax":192,"factor":1.0,"meta":{"1":{"dim":1,"start":512,"zmlevel":4,"end":767},"0":{"dim":0,"start":0,"zmlevel":4,"end":255},"4":{"dim":4,"start":0,"zmlevel":0,"end":23}}},"0-512-767-4x1-1024-1279-4x4-0-23-0":{"dataSum":33441,"pixSum":33441,"pixMax":411,"factor":1.0,"meta":{"1":{"dim":1,"start":1024,"zmlevel":4,"end":1279},"0":{"dim":0,"start":512,"zmlevel":4,"end":767},"4":{"dim":4,"start":0,"zmlevel":0,"end":23}}},"0-768-1023-4x1-1280-1535-4x4-0-23-0":{"dataSum":0,"pixSum":0,"pixMax":0,"factor":1.0,"meta":{"1":{"dim":1,"start":1280,"zmlevel":4,"end":1535},"0":{"dim":0,"start":768,"zmlevel":4,"end":1023},"4":{"dim":4,"start":0,"zmlevel":0,"end":23}}},"0-1024-1279-4x1-768-1023-4x4-0-23-0":{"dataSum":21688,"pixSum":21688,"pixMax":245,"factor":1.0,"meta":{"1":{"dim":1,"start":768,"zmlevel":4,"end":1023},"0":{"dim":0,"start":1024,"zmlevel":4,"end":1279},"4":{"dim":4,"start":0,"zmlevel":0,"end":23}}},"0-1024-1279-4x1-256-511-4x4-0-23-0":{"dataSum":2071,"pixSum":2071,"pixMax":44,"factor":1.0,"meta":{"1":{"dim":1,"start":256,"zmlevel":4,"end":511},"0":{"dim":0,"start":1024,"zmlevel":4,"end":1279},"4":{"dim":4,"start":0,"zmlevel":0,"end":23}}},"0-512-767-4x1-512-767-4x4-0-23-0":{"dataSum":408531,"pixSum":408531,"pixMax":2322,"factor":1.0,"meta":{"1":{"dim":1,"start":512,"zmlevel":4,"end":767},"0":{"dim":0,"start":512,"zmlevel":4,"end":767},"4":{"dim":4,"start":0,"zmlevel":0,"end":23}}},"0-768-1023-4x1-1024-1279-4x4-0-23-0":{"dataSum":2773,"pixSum":2773,"pixMax":213,"factor":1.0,"meta":{"1":{"dim":1,"start":1024,"zmlevel":4,"end":1279},"0":{"dim":0,"start":768,"zmlevel":4,"end":1023},"4":{"dim":4,"start":0,"zmlevel":0,"end":23}}}}