{"0-256-511-3x1-0-255-3x5-0-29-1":{"dataSum":0,"pixMax":0,"pixSum":0,"factor":1.0,"meta":{"1":{"dim":1,"start":0,"zmlevel":3,"end":255},"0":{"dim":0,"start":256,"zmlevel":3,"end":511},"5":{"dim":5,"start":0,"zmlevel":1,"end":29}}},"0-768-1023-3x1-256-511-3x5-0-29-1":{"dataSum":911,"pixMax":89,"pixSum":911,"factor":1.0,"meta":{"1":{"dim":1,"start":256,"zmlevel":3,"end":511},"0":{"dim":0,"start":768,"zmlevel":3,"end":1023},"5":{"dim":5,"start":0,"zmlevel":1,"end":29}}},"0-512-767-3x1-256-511-3x5-0-29-1":{"dataSum":1850,"pixMax":389,"pixSum":1850,"factor":1.0,"meta":{"1":{"dim":1,"start":256,"zmlevel":3,"end":511},"0":{"dim":0,"start":512,"zmlevel":3,"end":767},"5":{"dim":5,"start":0,"zmlevel":1,"end":29}}},"0-768-1023-3x1-768-1023-3x5-0-29-1":{"dataSum":0,"pixMax":0,"pixSum":0,"factor":1.0,"meta":{"1":{"dim":1,"start":768,"zmlevel":3,"end":1023},"0":{"dim":0,"start":768,"zmlevel":3,"end":1023},"5":{"dim":5,"start":0,"zmlevel":1,"end":29}}},"globalMinProj":{"0x1":1},"0-0-255-3x1-512-767-3x5-0-29-1":{"dataSum":34,"pixMax":21,"pixSum":34,"factor":1.0,"meta":{"1":{"dim":1,"start":512,"zmlevel":3,"end":767},"0":{"dim":0,"start":0,"zmlevel":3,"end":255},"5":{"dim":5,"start":0,"zmlevel":1,"end":29}}},"0-768-1023-3x1-512-767-3x5-0-29-1":{"dataSum":1163,"pixMax":435,"pixSum":1163,"factor":1.0,"meta":{"1":{"dim":1,"start":512,"zmlevel":3,"end":767},"0":{"dim":0,"start":768,"zmlevel":3,"end":1023},"5":{"dim":5,"start":0,"zmlevel":1,"end":29}}},"0-256-511-3x1-768-1023-3x5-0-29-1":{"dataSum":5,"pixMax":2,"pixSum":5,"factor":1.0,"meta":{"1":{"dim":1,"start":768,"zmlevel":3,"end":1023},"0":{"dim":0,"start":256,"zmlevel":3,"end":511},"5":{"dim":5,"start":0,"zmlevel":1,"end":29}}},"0-512-767-3x1-768-1023-3x5-0-29-1":{"dataSum":1,"pixMax":1,"pixSum":1,"factor":1.0,"meta":{"1":{"dim":1,"start":768,"zmlevel":3,"end":1023},"0":{"dim":0,"start":512,"zmlevel":3,"end":767},"5":{"dim":5,"start":0,"zmlevel":1,"end":29}}},"0-512-767-3x1-512-767-3x5-0-29-1":{"dataSum":13,"pixMax":3,"pixSum":13,"factor":1.0,"meta":{"1":{"dim":1,"start":512,"zmlevel":3,"end":767},"0":{"dim":0,"start":512,"zmlevel":3,"end":767},"5":{"dim":5,"start":0,"zmlevel":1,"end":29}}},"0-512-767-3x1-0-255-3x5-0-29-1":{"dataSum":97,"pixMax":36,"pixSum":97,"factor":1.0,"meta":{"1":{"dim":1,"start":0,"zmlevel":3,"end":255},"0":{"dim":0,"start":512,"zmlevel":3,"end":767},"5":{"dim":5,"start":0,"zmlevel":1,"end":29}}},"0-768-1023-3x1-0-255-3x5-0-29-1":{"dataSum":0,"pixMax":0,"pixSum":0,"factor":1.0,"meta":{"1":{"dim":1,"start":0,"zmlevel":3,"end":255},"0":{"dim":0,"start":768,"zmlevel":3,"end":1023},"5":{"dim":5,"start":0,"zmlevel":1,"end":29}}},"0-0-255-3x1-768-1023-3x5-0-29-1":{"dataSum":0,"pixMax":0,"pixSum":0,"factor":1.0,"meta":{"1":{"dim":1,"start":768,"zmlevel":3,"end":1023},"0":{"dim":0,"start":0,"zmlevel":3,"end":255},"5":{"dim":5,"start":0,"zmlevel":1,"end":29}}},"0-256-511-3x1-512-767-3x5-0-29-1":{"dataSum":41,"pixMax":7,"pixSum":41,"factor":1.0,"meta":{"1":{"dim":1,"start":512,"zmlevel":3,"end":767},"0":{"dim":0,"start":256,"zmlevel":3,"end":511},"5":{"dim":5,"start":0,"zmlevel":1,"end":29}}},"0-0-255-3x1-0-255-3x5-0-29-1":{"dataSum":0,"pixMax":0,"pixSum":0,"factor":1.0,"meta":{"1":{"dim":1,"start":0,"zmlevel":3,"end":255},"0":{"dim":0,"start":0,"zmlevel":3,"end":255},"5":{"dim":5,"start":0,"zmlevel":1,"end":29}}},"globalMaxProj":{"0x1":2064},"0-0-255-3x1-256-511-3x5-0-29-1":{"dataSum":9404,"pixMax":2064,"pixSum":9404,"factor":1.0,"meta":{"1":{"dim":1,"start":256,"zmlevel":3,"end":511},"0":{"dim":0,"start":0,"zmlevel":3,"end":255},"5":{"dim":5,"start":0,"zmlevel":1,"end":29}}},"0-256-511-3x1-256-511-3x5-0-29-1":{"dataSum":3153,"pixMax":754,"pixSum":3153,"factor":1.0,"meta":{"1":{"dim":1,"start":256,"zmlevel":3,"end":511},"0":{"dim":0,"start":256,"zmlevel":3,"end":511},"5":{"dim":5,"start":0,"zmlevel":1,"end":29}}}}