{"0-502-752-3x1-1518-1770-3x3-0-11-0":{"factor":0.117545455034626,"meta":{"3":{"dim":3,"start":0,"zmlevel":0,"end":11},"1":{"dim":1,"start":1518,"zmlevel":3,"end":1770},"0":{"dim":0,"start":502,"zmlevel":3,"end":752}}},"0-1757-2007-3x1-1518-1770-3x3-0-11-0":{"factor":0.117545455034626,"meta":{"3":{"dim":3,"start":0,"zmlevel":0,"end":11},"1":{"dim":1,"start":1518,"zmlevel":3,"end":1770},"0":{"dim":0,"start":1757,"zmlevel":3,"end":2007}}},"0-502-752-3x1-1771-2023-3x3-0-11-0":{"factor":0.117545455034626,"meta":{"3":{"dim":3,"start":0,"zmlevel":0,"end":11},"1":{"dim":1,"start":1771,"zmlevel":3,"end":2023},"0":{"dim":0,"start":502,"zmlevel":3,"end":752}}},"0-1004-1254-3x1-759-1011-3x3-0-11-0":{"factor":0.117545455034626,"meta":{"3":{"dim":3,"start":0,"zmlevel":0,"end":11},"1":{"dim":1,"start":759,"zmlevel":3,"end":1011},"0":{"dim":0,"start":1004,"zmlevel":3,"end":1254}}},"0-1506-1756-3x1-253-505-3x3-0-11-0":{"factor":0.117545455034626,"meta":{"3":{"dim":3,"start":0,"zmlevel":0,"end":11},"1":{"dim":1,"start":253,"zmlevel":3,"end":505},"0":{"dim":0,"start":1506,"zmlevel":3,"end":1756}}},"0-1506-1756-3x1-1265-1517-3x3-0-11-0":{"factor":0.117545455034626,"meta":{"3":{"dim":3,"start":0,"zmlevel":0,"end":11},"1":{"dim":1,"start":1265,"zmlevel":3,"end":1517},"0":{"dim":0,"start":1506,"zmlevel":3,"end":1756}}},"0-753-1003-3x1-0-252-3x3-0-11-0":{"factor":0.117545455034626,"meta":{"3":{"dim":3,"start":0,"zmlevel":0,"end":11},"1":{"dim":1,"start":0,"zmlevel":3,"end":252},"0":{"dim":0,"start":753,"zmlevel":3,"end":1003}}},"0-1255-1505-3x1-759-1011-3x3-0-11-0":{"factor":0.117545455034626,"meta":{"3":{"dim":3,"start":0,"zmlevel":0,"end":11},"1":{"dim":1,"start":759,"zmlevel":3,"end":1011},"0":{"dim":0,"start":1255,"zmlevel":3,"end":1505}}},"0-1004-1254-3x1-1012-1264-3x3-0-11-0":{"factor":0.117545455034626,"meta":{"3":{"dim":3,"start":0,"zmlevel":0,"end":11},"1":{"dim":1,"start":1012,"zmlevel":3,"end":1264},"0":{"dim":0,"start":1004,"zmlevel":3,"end":1254}}},"0-1004-1254-3x1-506-758-3x3-0-11-0":{"factor":0.117545455034626,"meta":{"3":{"dim":3,"start":0,"zmlevel":0,"end":11},"1":{"dim":1,"start":506,"zmlevel":3,"end":758},"0":{"dim":0,"start":1004,"zmlevel":3,"end":1254}}},"0-1506-1756-3x1-1771-2023-3x3-0-11-0":{"factor":0.117545455034626,"meta":{"3":{"dim":3,"start":0,"zmlevel":0,"end":11},"1":{"dim":1,"start":1771,"zmlevel":3,"end":2023},"0":{"dim":0,"start":1506,"zmlevel":3,"end":1756}}},"0-251-501-3x1-1265-1517-3x3-0-11-0":{"factor":0.117545455034626,"meta":{"3":{"dim":3,"start":0,"zmlevel":0,"end":11},"1":{"dim":1,"start":1265,"zmlevel":3,"end":1517},"0":{"dim":0,"start":251,"zmlevel":3,"end":501}}},"0-1255-1505-3x1-253-505-3x3-0-11-0":{"factor":0.117545455034626,"meta":{"3":{"dim":3,"start":0,"zmlevel":0,"end":11},"1":{"dim":1,"start":253,"zmlevel":3,"end":505},"0":{"dim":0,"start":1255,"zmlevel":3,"end":1505}}},"0-0-250-3x1-506-758-3x3-0-11-0":{"factor":0.117545455034626,"meta":{"3":{"dim":3,"start":0,"zmlevel":0,"end":11},"1":{"dim":1,"start":506,"zmlevel":3,"end":758},"0":{"dim":0,"start":0,"zmlevel":3,"end":250}}},"0-0-250-3x1-1265-1517-3x3-0-11-0":{"factor":0.117545455034626,"meta":{"3":{"dim":3,"start":0,"zmlevel":0,"end":11},"1":{"dim":1,"start":1265,"zmlevel":3,"end":1517},"0":{"dim":0,"start":0,"zmlevel":3,"end":250}}},"0-1757-2007-3x1-1771-2023-3x3-0-11-0":{"factor":0.117545455034626,"meta":{"3":{"dim":3,"start":0,"zmlevel":0,"end":11},"1":{"dim":1,"start":1771,"zmlevel":3,"end":2023},"0":{"dim":0,"start":1757,"zmlevel":3,"end":2007}}},"0-0-250-3x1-1012-1264-3x3-0-11-0":{"factor":0.117545455034626,"meta":{"3":{"dim":3,"start":0,"zmlevel":0,"end":11},"1":{"dim":1,"start":1012,"zmlevel":3,"end":1264},"0":{"dim":0,"start":0,"zmlevel":3,"end":250}}},"0-1255-1505-3x1-1771-2023-3x3-0-11-0":{"factor":0.117545455034626,"meta":{"3":{"dim":3,"start":0,"zmlevel":0,"end":11},"1":{"dim":1,"start":1771,"zmlevel":3,"end":2023},"0":{"dim":0,"start":1255,"zmlevel":3,"end":1505}}},"0-1757-2007-3x1-506-758-3x3-0-11-0":{"factor":0.117545455034626,"meta":{"3":{"dim":3,"start":0,"zmlevel":0,"end":11},"1":{"dim":1,"start":506,"zmlevel":3,"end":758},"0":{"dim":0,"start":1757,"zmlevel":3,"end":2007}}},"0-753-1003-3x1-1265-1517-3x3-0-11-0":{"factor":0.117545455034626,"meta":{"3":{"dim":3,"start":0,"zmlevel":0,"end":11},"1":{"dim":1,"start":1265,"zmlevel":3,"end":1517},"0":{"dim":0,"start":753,"zmlevel":3,"end":1003}}},"0-502-752-3x1-0-252-3x3-0-11-0":{"factor":0.117545455034626,"meta":{"3":{"dim":3,"start":0,"zmlevel":0,"end":11},"1":{"dim":1,"start":0,"zmlevel":3,"end":252},"0":{"dim":0,"start":502,"zmlevel":3,"end":752}}},"0-502-752-3x1-759-1011-3x3-0-11-0":{"factor":0.117545455034626,"meta":{"3":{"dim":3,"start":0,"zmlevel":0,"end":11},"1":{"dim":1,"start":759,"zmlevel":3,"end":1011},"0":{"dim":0,"start":502,"zmlevel":3,"end":752}}},"0-1757-2007-3x1-1265-1517-3x3-0-11-0":{"factor":0.117545455034626,"meta":{"3":{"dim":3,"start":0,"zmlevel":0,"end":11},"1":{"dim":1,"start":1265,"zmlevel":3,"end":1517},"0":{"dim":0,"start":1757,"zmlevel":3,"end":2007}}},"0-1255-1505-3x1-1012-1264-3x3-0-11-0":{"factor":0.117545455034626,"meta":{"3":{"dim":3,"start":0,"zmlevel":0,"end":11},"1":{"dim":1,"start":1012,"zmlevel":3,"end":1264},"0":{"dim":0,"start":1255,"zmlevel":3,"end":1505}}},"0-1004-1254-3x1-1265-1517-3x3-0-11-0":{"factor":0.117545455034626,"meta":{"3":{"dim":3,"start":0,"zmlevel":0,"end":11},"1":{"dim":1,"start":1265,"zmlevel":3,"end":1517},"0":{"dim":0,"start":1004,"zmlevel":3,"end":1254}}},"globalMinProj":{"0x1":1},"0-0-250-3x1-759-1011-3x3-0-11-0":{"factor":0.117545455034626,"meta":{"3":{"dim":3,"start":0,"zmlevel":0,"end":11},"1":{"dim":1,"start":759,"zmlevel":3,"end":1011},"0":{"dim":0,"start":0,"zmlevel":3,"end":250}}},"0-251-501-3x1-506-758-3x3-0-11-0":{"factor":0.117545455034626,"meta":{"3":{"dim":3,"start":0,"zmlevel":0,"end":11},"1":{"dim":1,"start":506,"zmlevel":3,"end":758},"0":{"dim":0,"start":251,"zmlevel":3,"end":501}}},"0-251-501-3x1-1518-1770-3x3-0-11-0":{"factor":0.117545455034626,"meta":{"3":{"dim":3,"start":0,"zmlevel":0,"end":11},"1":{"dim":1,"start":1518,"zmlevel":3,"end":1770},"0":{"dim":0,"start":251,"zmlevel":3,"end":501}}},"0-1255-1505-3x1-0-252-3x3-0-11-0":{"factor":0.117545455034626,"meta":{"3":{"dim":3,"start":0,"zmlevel":0,"end":11},"1":{"dim":1,"start":0,"zmlevel":3,"end":252},"0":{"dim":0,"start":1255,"zmlevel":3,"end":1505}}},"0-0-250-3x1-253-505-3x3-0-11-0":{"factor":0.117545455034626,"meta":{"3":{"dim":3,"start":0,"zmlevel":0,"end":11},"1":{"dim":1,"start":253,"zmlevel":3,"end":505},"0":{"dim":0,"start":0,"zmlevel":3,"end":250}}},"0-1255-1505-3x1-506-758-3x3-0-11-0":{"factor":0.117545455034626,"meta":{"3":{"dim":3,"start":0,"zmlevel":0,"end":11},"1":{"dim":1,"start":506,"zmlevel":3,"end":758},"0":{"dim":0,"start":1255,"zmlevel":3,"end":1505}}},"0-0-250-3x1-0-252-3x3-0-11-0":{"factor":0.117545455034626,"meta":{"3":{"dim":3,"start":0,"zmlevel":0,"end":11},"1":{"dim":1,"start":0,"zmlevel":3,"end":252},"0":{"dim":0,"start":0,"zmlevel":3,"end":250}}},"0-251-501-3x1-1771-2023-3x3-0-11-0":{"factor":0.117545455034626,"meta":{"3":{"dim":3,"start":0,"zmlevel":0,"end":11},"1":{"dim":1,"start":1771,"zmlevel":3,"end":2023},"0":{"dim":0,"start":251,"zmlevel":3,"end":501}}},"globalMaxProj":{"0x1":5954236},"0-502-752-3x1-253-505-3x3-0-11-0":{"factor":0.117545455034626,"meta":{"3":{"dim":3,"start":0,"zmlevel":0,"end":11},"1":{"dim":1,"start":253,"zmlevel":3,"end":505},"0":{"dim":0,"start":502,"zmlevel":3,"end":752}}},"0-1757-2007-3x1-0-252-3x3-0-11-0":{"factor":0.117545455034626,"meta":{"3":{"dim":3,"start":0,"zmlevel":0,"end":11},"1":{"dim":1,"start":0,"zmlevel":3,"end":252},"0":{"dim":0,"start":1757,"zmlevel":3,"end":2007}}},"0-753-1003-3x1-253-505-3x3-0-11-0":{"factor":0.117545455034626,"meta":{"3":{"dim":3,"start":0,"zmlevel":0,"end":11},"1":{"dim":1,"start":253,"zmlevel":3,"end":505},"0":{"dim":0,"start":753,"zmlevel":3,"end":1003}}},"0-251-501-3x1-759-1011-3x3-0-11-0":{"factor":0.117545455034626,"meta":{"3":{"dim":3,"start":0,"zmlevel":0,"end":11},"1":{"dim":1,"start":759,"zmlevel":3,"end":1011},"0":{"dim":0,"start":251,"zmlevel":3,"end":501}}},"0-502-752-3x1-506-758-3x3-0-11-0":{"factor":0.117545455034626,"meta":{"3":{"dim":3,"start":0,"zmlevel":0,"end":11},"1":{"dim":1,"start":506,"zmlevel":3,"end":758},"0":{"dim":0,"start":502,"zmlevel":3,"end":752}}},"0-1506-1756-3x1-506-758-3x3-0-11-0":{"factor":0.117545455034626,"meta":{"3":{"dim":3,"start":0,"zmlevel":0,"end":11},"1":{"dim":1,"start":506,"zmlevel":3,"end":758},"0":{"dim":0,"start":1506,"zmlevel":3,"end":1756}}},"0-1757-2007-3x1-759-1011-3x3-0-11-0":{"factor":0.117545455034626,"meta":{"3":{"dim":3,"start":0,"zmlevel":0,"end":11},"1":{"dim":1,"start":759,"zmlevel":3,"end":1011},"0":{"dim":0,"start":1757,"zmlevel":3,"end":2007}}},"0-1004-1254-3x1-253-505-3x3-0-11-0":{"factor":0.117545455034626,"meta":{"3":{"dim":3,"start":0,"zmlevel":0,"end":11},"1":{"dim":1,"start":253,"zmlevel":3,"end":505},"0":{"dim":0,"start":1004,"zmlevel":3,"end":1254}}},"0-1506-1756-3x1-1518-1770-3x3-0-11-0":{"factor":0.117545455034626,"meta":{"3":{"dim":3,"start":0,"zmlevel":0,"end":11},"1":{"dim":1,"start":1518,"zmlevel":3,"end":1770},"0":{"dim":0,"start":1506,"zmlevel":3,"end":1756}}},"0-502-752-3x1-1265-1517-3x3-0-11-0":{"factor":0.117545455034626,"meta":{"3":{"dim":3,"start":0,"zmlevel":0,"end":11},"1":{"dim":1,"start":1265,"zmlevel":3,"end":1517},"0":{"dim":0,"start":502,"zmlevel":3,"end":752}}},"0-1004-1254-3x1-0-252-3x3-0-11-0":{"factor":0.117545455034626,"meta":{"3":{"dim":3,"start":0,"zmlevel":0,"end":11},"1":{"dim":1,"start":0,"zmlevel":3,"end":252},"0":{"dim":0,"start":1004,"zmlevel":3,"end":1254}}},"0-1506-1756-3x1-1012-1264-3x3-0-11-0":{"factor":0.117545455034626,"meta":{"3":{"dim":3,"start":0,"zmlevel":0,"end":11},"1":{"dim":1,"start":1012,"zmlevel":3,"end":1264},"0":{"dim":0,"start":1506,"zmlevel":3,"end":1756}}},"0-753-1003-3x1-759-1011-3x3-0-11-0":{"factor":0.117545455034626,"meta":{"3":{"dim":3,"start":0,"zmlevel":0,"end":11},"1":{"dim":1,"start":759,"zmlevel":3,"end":1011},"0":{"dim":0,"start":753,"zmlevel":3,"end":1003}}},"0-251-501-3x1-253-505-3x3-0-11-0":{"factor":0.117545455034626,"meta":{"3":{"dim":3,"start":0,"zmlevel":0,"end":11},"1":{"dim":1,"start":253,"zmlevel":3,"end":505},"0":{"dim":0,"start":251,"zmlevel":3,"end":501}}},"0-753-1003-3x1-506-758-3x3-0-11-0":{"factor":0.117545455034626,"meta":{"3":{"dim":3,"start":0,"zmlevel":0,"end":11},"1":{"dim":1,"start":506,"zmlevel":3,"end":758},"0":{"dim":0,"start":753,"zmlevel":3,"end":1003}}},"0-502-752-3x1-1012-1264-3x3-0-11-0":{"factor":0.117545455034626,"meta":{"3":{"dim":3,"start":0,"zmlevel":0,"end":11},"1":{"dim":1,"start":1012,"zmlevel":3,"end":1264},"0":{"dim":0,"start":502,"zmlevel":3,"end":752}}},"0-251-501-3x1-1012-1264-3x3-0-11-0":{"factor":0.117545455034626,"meta":{"3":{"dim":3,"start":0,"zmlevel":0,"end":11},"1":{"dim":1,"start":1012,"zmlevel":3,"end":1264},"0":{"dim":0,"start":251,"zmlevel":3,"end":501}}},"0-1757-2007-3x1-1012-1264-3x3-0-11-0":{"factor":0.117545455034626,"meta":{"3":{"dim":3,"start":0,"zmlevel":0,"end":11},"1":{"dim":1,"start":1012,"zmlevel":3,"end":1264},"0":{"dim":0,"start":1757,"zmlevel":3,"end":2007}}},"0-0-250-3x1-1771-2023-3x3-0-11-0":{"factor":0.117545455034626,"meta":{"3":{"dim":3,"start":0,"zmlevel":0,"end":11},"1":{"dim":1,"start":1771,"zmlevel":3,"end":2023},"0":{"dim":0,"start":0,"zmlevel":3,"end":250}}},"0-1255-1505-3x1-1265-1517-3x3-0-11-0":{"factor":0.117545455034626,"meta":{"3":{"dim":3,"start":0,"zmlevel":0,"end":11},"1":{"dim":1,"start":1265,"zmlevel":3,"end":1517},"0":{"dim":0,"start":1255,"zmlevel":3,"end":1505}}},"0-753-1003-3x1-1771-2023-3x3-0-11-0":{"factor":0.117545455034626,"meta":{"3":{"dim":3,"start":0,"zmlevel":0,"end":11},"1":{"dim":1,"start":1771,"zmlevel":3,"end":2023},"0":{"dim":0,"start":753,"zmlevel":3,"end":1003}}},"0-753-1003-3x1-1518-1770-3x3-0-11-0":{"factor":0.117545455034626,"meta":{"3":{"dim":3,"start":0,"zmlevel":0,"end":11},"1":{"dim":1,"start":1518,"zmlevel":3,"end":1770},"0":{"dim":0,"start":753,"zmlevel":3,"end":1003}}},"0-1506-1756-3x1-759-1011-3x3-0-11-0":{"factor":0.117545455034626,"meta":{"3":{"dim":3,"start":0,"zmlevel":0,"end":11},"1":{"dim":1,"start":759,"zmlevel":3,"end":1011},"0":{"dim":0,"start":1506,"zmlevel":3,"end":1756}}},"0-0-250-3x1-1518-1770-3x3-0-11-0":{"factor":0.117545455034626,"meta":{"3":{"dim":3,"start":0,"zmlevel":0,"end":11},"1":{"dim":1,"start":1518,"zmlevel":3,"end":1770},"0":{"dim":0,"start":0,"zmlevel":3,"end":250}}},"0-1506-1756-3x1-0-252-3x3-0-11-0":{"factor":0.117545455034626,"meta":{"3":{"dim":3,"start":0,"zmlevel":0,"end":11},"1":{"dim":1,"start":0,"zmlevel":3,"end":252},"0":{"dim":0,"start":1506,"zmlevel":3,"end":1756}}},"0-1004-1254-3x1-1518-1770-3x3-0-11-0":{"factor":0.117545455034626,"meta":{"3":{"dim":3,"start":0,"zmlevel":0,"end":11},"1":{"dim":1,"start":1518,"zmlevel":3,"end":1770},"0":{"dim":0,"start":1004,"zmlevel":3,"end":1254}}},"0-753-1003-3x1-1012-1264-3x3-0-11-0":{"factor":0.117545455034626,"meta":{"3":{"dim":3,"start":0,"zmlevel":0,"end":11},"1":{"dim":1,"start":1012,"zmlevel":3,"end":1264},"0":{"dim":0,"start":753,"zmlevel":3,"end":1003}}},"0-1757-2007-3x1-253-505-3x3-0-11-0":{"factor":0.117545455034626,"meta":{"3":{"dim":3,"start":0,"zmlevel":0,"end":11},"1":{"dim":1,"start":253,"zmlevel":3,"end":505},"0":{"dim":0,"start":1757,"zmlevel":3,"end":2007}}},"0-251-501-3x1-0-252-3x3-0-11-0":{"factor":0.117545455034626,"meta":{"3":{"dim":3,"start":0,"zmlevel":0,"end":11},"1":{"dim":1,"start":0,"zmlevel":3,"end":252},"0":{"dim":0,"start":251,"zmlevel":3,"end":501}}},"0-1255-1505-3x1-1518-1770-3x3-0-11-0":{"factor":0.117545455034626,"meta":{"3":{"dim":3,"start":0,"zmlevel":0,"end":11},"1":{"dim":1,"start":1518,"zmlevel":3,"end":1770},"0":{"dim":0,"start":1255,"zmlevel":3,"end":1505}}},"0-1004-1254-3x1-1771-2023-3x3-0-11-0":{"factor":0.117545455034626,"meta":{"3":{"dim":3,"start":0,"zmlevel":0,"end":11},"1":{"dim":1,"start":1771,"zmlevel":3,"end":2023},"0":{"dim":0,"start":1004,"zmlevel":3,"end":1254}}}}