{"0-0-250-1x1-253-505-1x4-0-28-0":{"factor":0.00852540925802076,"meta":{"1":{"dim":1,"start":253,"zmlevel":1,"end":505},"0":{"dim":0,"start":0,"zmlevel":1,"end":250},"4":{"dim":4,"start":0,"zmlevel":0,"end":28}}},"globalMinProj":{"0x1":1},"0-251-501-1x1-253-505-1x4-0-28-0":{"factor":0.00852540925802076,"meta":{"1":{"dim":1,"start":253,"zmlevel":1,"end":505},"0":{"dim":0,"start":251,"zmlevel":1,"end":501},"4":{"dim":4,"start":0,"zmlevel":0,"end":28}}},"0-0-250-1x1-0-252-1x4-0-28-0":{"factor":0.00852540925802076,"meta":{"1":{"dim":1,"start":0,"zmlevel":1,"end":252},"0":{"dim":0,"start":0,"zmlevel":1,"end":250},"4":{"dim":4,"start":0,"zmlevel":0,"end":28}}},"globalMaxProj":{"0x1":48388805},"0-251-501-1x1-0-252-1x4-0-28-0":{"factor":0.00852540925802076,"meta":{"1":{"dim":1,"start":0,"zmlevel":1,"end":252},"0":{"dim":0,"start":251,"zmlevel":1,"end":501},"4":{"dim":4,"start":0,"zmlevel":0,"end":28}}}}