{"0-256-511-2x1-256-511-2x2-0-11-0":{"dataSum":135708,"pixMax":2380,"pixSum":135708,"factor":1.0,"meta":{"2":{"dim":2,"start":0,"zmlevel":0,"end":11},"1":{"dim":1,"start":256,"zmlevel":2,"end":511},"0":{"dim":0,"start":256,"zmlevel":2,"end":511}}},"globalMinProj":{"0x1":1},"0-0-255-2x1-256-511-2x2-0-11-0":{"dataSum":38947,"pixMax":1747,"pixSum":38947,"factor":1.0,"meta":{"2":{"dim":2,"start":0,"zmlevel":0,"end":11},"1":{"dim":1,"start":256,"zmlevel":2,"end":511},"0":{"dim":0,"start":0,"zmlevel":2,"end":255}}},"0-0-255-2x1-0-255-2x2-0-11-0":{"dataSum":3275745,"pixMax":15714,"pixSum":3275745,"factor":1.0,"meta":{"2":{"dim":2,"start":0,"zmlevel":0,"end":11},"1":{"dim":1,"start":0,"zmlevel":2,"end":255},"0":{"dim":0,"start":0,"zmlevel":2,"end":255}}},"0-256-511-2x1-0-255-2x2-0-11-0":{"dataSum":1040725,"pixMax":25748,"pixSum":1040725,"factor":1.0,"meta":{"2":{"dim":2,"start":0,"zmlevel":0,"end":11},"1":{"dim":1,"start":0,"zmlevel":2,"end":255},"0":{"dim":0,"start":256,"zmlevel":2,"end":511}}},"globalMaxProj":{"0x1":227312}}