{"0-3840-4095-5x1-0-255-5x4-0-23-0":{"dataSum":0,"pixSum":0,"pixMax":0,"factor":1.0,"meta":{"1":{"dim":1,"start":0,"zmlevel":5,"end":255},"0":{"dim":0,"start":3840,"zmlevel":5,"end":4095},"4":{"dim":4,"start":0,"zmlevel":0,"end":23}}},"0-3328-3583-5x1-2304-2559-5x4-0-23-0":{"dataSum":4700,"pixSum":4700,"pixMax":172,"factor":1.0,"meta":{"1":{"dim":1,"start":2304,"zmlevel":5,"end":2559},"0":{"dim":0,"start":3328,"zmlevel":5,"end":3583},"4":{"dim":4,"start":0,"zmlevel":0,"end":23}}},"0-3072-3327-5x1-1280-1535-5x4-0-23-0":{"dataSum":70,"pixSum":70,"pixMax":10,"factor":1.0,"meta":{"1":{"dim":1,"start":1280,"zmlevel":5,"end":1535},"0":{"dim":0,"start":3072,"zmlevel":5,"end":3327},"4":{"dim":4,"start":0,"zmlevel":0,"end":23}}},"0-1024-1279-5x1-2560-2815-5x4-0-23-0":{"dataSum":203,"pixSum":203,"pixMax":8,"factor":1.0,"meta":{"1":{"dim":1,"start":2560,"zmlevel":5,"end":2815},"0":{"dim":0,"start":1024,"zmlevel":5,"end":1279},"4":{"dim":4,"start":0,"zmlevel":0,"end":23}}},"0-1024-1279-5x1-0-255-5x4-0-23-0":{"dataSum":0,"pixSum":0,"pixMax":0,"factor":1.0,"meta":{"1":{"dim":1,"start":0,"zmlevel":5,"end":255},"0":{"dim":0,"start":1024,"zmlevel":5,"end":1279},"4":{"dim":4,"start":0,"zmlevel":0,"end":23}}},"0-1280-1535-5x1-1280-1535-5x4-0-23-0":{"dataSum":3287,"pixSum":3287,"pixMax":66,"factor":1.0,"meta":{"1":{"dim":1,"start":1280,"zmlevel":5,"end":1535},"0":{"dim":0,"start":1280,"zmlevel":5,"end":1535},"4":{"dim":4,"start":0,"zmlevel":0,"end":23}}},"0-3072-3327-5x1-768-1023-5x4-0-23-0":{"dataSum":0,"pixSum":0,"pixMax":0,"factor":1.0,"meta":{"1":{"dim":1,"start":768,"zmlevel":5,"end":1023},"0":{"dim":0,"start":3072,"zmlevel":5,"end":3327},"4":{"dim":4,"start":0,"zmlevel":0,"end":23}}},"0-3840-4095-5x1-3584-3839-5x4-0-23-0":{"dataSum":0,"pixSum":0,"pixMax":0,"factor":1.0,"meta":{"1":{"dim":1,"start":3584,"zmlevel":5,"end":3839},"0":{"dim":0,"start":3840,"zmlevel":5,"end":4095},"4":{"dim":4,"start":0,"zmlevel":0,"end":23}}},"0-3840-4095-5x1-1280-1535-5x4-0-23-0":{"dataSum":0,"pixSum":0,"pixMax":0,"factor":1.0,"meta":{"1":{"dim":1,"start":1280,"zmlevel":5,"end":1535},"0":{"dim":0,"start":3840,"zmlevel":5,"end":4095},"4":{"dim":4,"start":0,"zmlevel":0,"end":23}}},"0-2560-2815-5x1-3072-3327-5x4-0-23-0":{"dataSum":0,"pixSum":0,"pixMax":0,"factor":1.0,"meta":{"1":{"dim":1,"start":3072,"zmlevel":5,"end":3327},"0":{"dim":0,"start":2560,"zmlevel":5,"end":2815},"4":{"dim":4,"start":0,"zmlevel":0,"end":23}}},"0-3072-3327-5x1-3328-3583-5x4-0-23-0":{"dataSum":0,"pixSum":0,"pixMax":0,"factor":1.0,"meta":{"1":{"dim":1,"start":3328,"zmlevel":5,"end":3583},"0":{"dim":0,"start":3072,"zmlevel":5,"end":3327},"4":{"dim":4,"start":0,"zmlevel":0,"end":23}}},"0-1280-1535-5x1-2048-2303-5x4-0-23-0":{"dataSum":532,"pixSum":532,"pixMax":26,"factor":1.0,"meta":{"1":{"dim":1,"start":2048,"zmlevel":5,"end":2303},"0":{"dim":0,"start":1280,"zmlevel":5,"end":1535},"4":{"dim":4,"start":0,"zmlevel":0,"end":23}}},"0-2560-2815-5x1-2048-2303-5x4-0-23-0":{"dataSum":209,"pixSum":209,"pixMax":19,"factor":1.0,"meta":{"1":{"dim":1,"start":2048,"zmlevel":5,"end":2303},"0":{"dim":0,"start":2560,"zmlevel":5,"end":2815},"4":{"dim":4,"start":0,"zmlevel":0,"end":23}}},"0-2560-2815-5x1-1024-1279-5x4-0-23-0":{"dataSum":164,"pixSum":164,"pixMax":10,"factor":1.0,"meta":{"1":{"dim":1,"start":1024,"zmlevel":5,"end":1279},"0":{"dim":0,"start":2560,"zmlevel":5,"end":2815},"4":{"dim":4,"start":0,"zmlevel":0,"end":23}}},"0-2560-2815-5x1-768-1023-5x4-0-23-0":{"dataSum":0,"pixSum":0,"pixMax":0,"factor":1.0,"meta":{"1":{"dim":1,"start":768,"zmlevel":5,"end":1023},"0":{"dim":0,"start":2560,"zmlevel":5,"end":2815},"4":{"dim":4,"start":0,"zmlevel":0,"end":23}}},"0-0-255-5x1-3584-3839-5x4-0-23-0":{"dataSum":0,"pixSum":0,"pixMax":0,"factor":1.0,"meta":{"1":{"dim":1,"start":3584,"zmlevel":5,"end":3839},"0":{"dim":0,"start":0,"zmlevel":5,"end":255},"4":{"dim":4,"start":0,"zmlevel":0,"end":23}}},"0-3328-3583-5x1-1280-1535-5x4-0-23-0":{"dataSum":2241,"pixSum":2241,"pixMax":146,"factor":1.0,"meta":{"1":{"dim":1,"start":1280,"zmlevel":5,"end":1535},"0":{"dim":0,"start":3328,"zmlevel":5,"end":3583},"4":{"dim":4,"start":0,"zmlevel":0,"end":23}}},"0-3584-3839-5x1-512-767-5x4-0-23-0":{"dataSum":0,"pixSum":0,"pixMax":0,"factor":1.0,"meta":{"1":{"dim":1,"start":512,"zmlevel":5,"end":767},"0":{"dim":0,"start":3584,"zmlevel":5,"end":3839},"4":{"dim":4,"start":0,"zmlevel":0,"end":23}}},"0-2048-2303-5x1-1024-1279-5x4-0-23-0":{"dataSum":88179,"pixSum":88179,"pixMax":1350,"factor":1.0,"meta":{"1":{"dim":1,"start":1024,"zmlevel":5,"end":1279},"0":{"dim":0,"start":2048,"zmlevel":5,"end":2303},"4":{"dim":4,"start":0,"zmlevel":0,"end":23}}},"0-2816-3071-5x1-2560-2815-5x4-0-23-0":{"dataSum":1,"pixSum":1,"pixMax":1,"factor":1.0,"meta":{"1":{"dim":1,"start":2560,"zmlevel":5,"end":2815},"0":{"dim":0,"start":2816,"zmlevel":5,"end":3071},"4":{"dim":4,"start":0,"zmlevel":0,"end":23}}},"0-512-767-5x1-1536-1791-5x4-0-23-0":{"dataSum":569143,"pixSum":569143,"pixMax":3698,"factor":1.0,"meta":{"1":{"dim":1,"start":1536,"zmlevel":5,"end":1791},"0":{"dim":0,"start":512,"zmlevel":5,"end":767},"4":{"dim":4,"start":0,"zmlevel":0,"end":23}}},"0-256-511-5x1-3840-4095-5x4-0-23-0":{"dataSum":0,"pixSum":0,"pixMax":0,"factor":1.0,"meta":{"1":{"dim":1,"start":3840,"zmlevel":5,"end":4095},"0":{"dim":0,"start":256,"zmlevel":5,"end":511},"4":{"dim":4,"start":0,"zmlevel":0,"end":23}}},"0-3328-3583-5x1-2048-2303-5x4-0-23-0":{"dataSum":3425,"pixSum":3425,"pixMax":133,"factor":1.0,"meta":{"1":{"dim":1,"start":2048,"zmlevel":5,"end":2303},"0":{"dim":0,"start":3328,"zmlevel":5,"end":3583},"4":{"dim":4,"start":0,"zmlevel":0,"end":23}}},"0-512-767-5x1-2304-2559-5x4-0-23-0":{"dataSum":20,"pixSum":20,"pixMax":5,"factor":1.0,"meta":{"1":{"dim":1,"start":2304,"zmlevel":5,"end":2559},"0":{"dim":0,"start":512,"zmlevel":5,"end":767},"4":{"dim":4,"start":0,"zmlevel":0,"end":23}}},"0-256-511-5x1-1280-1535-5x4-0-23-0":{"dataSum":0,"pixSum":0,"pixMax":0,"factor":1.0,"meta":{"1":{"dim":1,"start":1280,"zmlevel":5,"end":1535},"0":{"dim":0,"start":256,"zmlevel":5,"end":511},"4":{"dim":4,"start":0,"zmlevel":0,"end":23}}},"0-1280-1535-5x1-2560-2815-5x4-0-23-0":{"dataSum":4,"pixSum":4,"pixMax":2,"factor":1.0,"meta":{"1":{"dim":1,"start":2560,"zmlevel":5,"end":2815},"0":{"dim":0,"start":1280,"zmlevel":5,"end":1535},"4":{"dim":4,"start":0,"zmlevel":0,"end":23}}},"0-2560-2815-5x1-2816-3071-5x4-0-23-0":{"dataSum":0,"pixSum":0,"pixMax":0,"factor":1.0,"meta":{"1":{"dim":1,"start":2816,"zmlevel":5,"end":3071},"0":{"dim":0,"start":2560,"zmlevel":5,"end":2815},"4":{"dim":4,"start":0,"zmlevel":0,"end":23}}},"0-1792-2047-5x1-2816-3071-5x4-0-23-0":{"dataSum":0,"pixSum":0,"pixMax":0,"factor":1.0,"meta":{"1":{"dim":1,"start":2816,"zmlevel":5,"end":3071},"0":{"dim":0,"start":1792,"zmlevel":5,"end":2047},"4":{"dim":4,"start":0,"zmlevel":0,"end":23}}},"0-3840-4095-5x1-256-511-5x4-0-23-0":{"dataSum":0,"pixSum":0,"pixMax":0,"factor":1.0,"meta":{"1":{"dim":1,"start":256,"zmlevel":5,"end":511},"0":{"dim":0,"start":3840,"zmlevel":5,"end":4095},"4":{"dim":4,"start":0,"zmlevel":0,"end":23}}},"0-2816-3071-5x1-0-255-5x4-0-23-0":{"dataSum":0,"pixSum":0,"pixMax":0,"factor":1.0,"meta":{"1":{"dim":1,"start":0,"zmlevel":5,"end":255},"0":{"dim":0,"start":2816,"zmlevel":5,"end":3071},"4":{"dim":4,"start":0,"zmlevel":0,"end":23}}},"0-3840-4095-5x1-768-1023-5x4-0-23-0":{"dataSum":0,"pixSum":0,"pixMax":0,"factor":1.0,"meta":{"1":{"dim":1,"start":768,"zmlevel":5,"end":1023},"0":{"dim":0,"start":3840,"zmlevel":5,"end":4095},"4":{"dim":4,"start":0,"zmlevel":0,"end":23}}},"0-3584-3839-5x1-1024-1279-5x4-0-23-0":{"dataSum":1,"pixSum":1,"pixMax":1,"factor":1.0,"meta":{"1":{"dim":1,"start":1024,"zmlevel":5,"end":1279},"0":{"dim":0,"start":3584,"zmlevel":5,"end":3839},"4":{"dim":4,"start":0,"zmlevel":0,"end":23}}},"0-3840-4095-5x1-2048-2303-5x4-0-23-0":{"dataSum":74,"pixSum":74,"pixMax":6,"factor":1.0,"meta":{"1":{"dim":1,"start":2048,"zmlevel":5,"end":2303},"0":{"dim":0,"start":3840,"zmlevel":5,"end":4095},"4":{"dim":4,"start":0,"zmlevel":0,"end":23}}},"0-3584-3839-5x1-3584-3839-5x4-0-23-0":{"dataSum":0,"pixSum":0,"pixMax":0,"factor":1.0,"meta":{"1":{"dim":1,"start":3584,"zmlevel":5,"end":3839},"0":{"dim":0,"start":3584,"zmlevel":5,"end":3839},"4":{"dim":4,"start":0,"zmlevel":0,"end":23}}},"0-3584-3839-5x1-2816-3071-5x4-0-23-0":{"dataSum":3,"pixSum":3,"pixMax":2,"factor":1.0,"meta":{"1":{"dim":1,"start":2816,"zmlevel":5,"end":3071},"0":{"dim":0,"start":3584,"zmlevel":5,"end":3839},"4":{"dim":4,"start":0,"zmlevel":0,"end":23}}},"0-1024-1279-5x1-3840-4095-5x4-0-23-0":{"dataSum":0,"pixSum":0,"pixMax":0,"factor":1.0,"meta":{"1":{"dim":1,"start":3840,"zmlevel":5,"end":4095},"0":{"dim":0,"start":1024,"zmlevel":5,"end":1279},"4":{"dim":4,"start":0,"zmlevel":0,"end":23}}},"0-768-1023-5x1-768-1023-5x4-0-23-0":{"dataSum":0,"pixSum":0,"pixMax":0,"factor":1.0,"meta":{"1":{"dim":1,"start":768,"zmlevel":5,"end":1023},"0":{"dim":0,"start":768,"zmlevel":5,"end":1023},"4":{"dim":4,"start":0,"zmlevel":0,"end":23}}},"0-3072-3327-5x1-3840-4095-5x4-0-23-0":{"dataSum":0,"pixSum":0,"pixMax":0,"factor":1.0,"meta":{"1":{"dim":1,"start":3840,"zmlevel":5,"end":4095},"0":{"dim":0,"start":3072,"zmlevel":5,"end":3327},"4":{"dim":4,"start":0,"zmlevel":0,"end":23}}},"0-3840-4095-5x1-2560-2815-5x4-0-23-0":{"dataSum":8257,"pixSum":8257,"pixMax":420,"factor":1.0,"meta":{"1":{"dim":1,"start":2560,"zmlevel":5,"end":2815},"0":{"dim":0,"start":3840,"zmlevel":5,"end":4095},"4":{"dim":4,"start":0,"zmlevel":0,"end":23}}},"0-1792-2047-5x1-1792-2047-5x4-0-23-0":{"dataSum":2660,"pixSum":2660,"pixMax":145,"factor":1.0,"meta":{"1":{"dim":1,"start":1792,"zmlevel":5,"end":2047},"0":{"dim":0,"start":1792,"zmlevel":5,"end":2047},"4":{"dim":4,"start":0,"zmlevel":0,"end":23}}},"0-2560-2815-5x1-1536-1791-5x4-0-23-0":{"dataSum":6249,"pixSum":6249,"pixMax":251,"factor":1.0,"meta":{"1":{"dim":1,"start":1536,"zmlevel":5,"end":1791},"0":{"dim":0,"start":2560,"zmlevel":5,"end":2815},"4":{"dim":4,"start":0,"zmlevel":0,"end":23}}},"0-2560-2815-5x1-512-767-5x4-0-23-0":{"dataSum":0,"pixSum":0,"pixMax":0,"factor":1.0,"meta":{"1":{"dim":1,"start":512,"zmlevel":5,"end":767},"0":{"dim":0,"start":2560,"zmlevel":5,"end":2815},"4":{"dim":4,"start":0,"zmlevel":0,"end":23}}},"0-2304-2559-5x1-3072-3327-5x4-0-23-0":{"dataSum":3,"pixSum":3,"pixMax":2,"factor":1.0,"meta":{"1":{"dim":1,"start":3072,"zmlevel":5,"end":3327},"0":{"dim":0,"start":2304,"zmlevel":5,"end":2559},"4":{"dim":4,"start":0,"zmlevel":0,"end":23}}},"0-3072-3327-5x1-2816-3071-5x4-0-23-0":{"dataSum":0,"pixSum":0,"pixMax":0,"factor":1.0,"meta":{"1":{"dim":1,"start":2816,"zmlevel":5,"end":3071},"0":{"dim":0,"start":3072,"zmlevel":5,"end":3327},"4":{"dim":4,"start":0,"zmlevel":0,"end":23}}},"0-2816-3071-5x1-1536-1791-5x4-0-23-0":{"dataSum":15210,"pixSum":15210,"pixMax":679,"factor":1.0,"meta":{"1":{"dim":1,"start":1536,"zmlevel":5,"end":1791},"0":{"dim":0,"start":2816,"zmlevel":5,"end":3071},"4":{"dim":4,"start":0,"zmlevel":0,"end":23}}},"0-2304-2559-5x1-1536-1791-5x4-0-23-0":{"dataSum":14846,"pixSum":14846,"pixMax":245,"factor":1.0,"meta":{"1":{"dim":1,"start":1536,"zmlevel":5,"end":1791},"0":{"dim":0,"start":2304,"zmlevel":5,"end":2559},"4":{"dim":4,"start":0,"zmlevel":0,"end":23}}},"0-256-511-5x1-1792-2047-5x4-0-23-0":{"dataSum":12657,"pixSum":12657,"pixMax":194,"factor":1.0,"meta":{"1":{"dim":1,"start":1792,"zmlevel":5,"end":2047},"0":{"dim":0,"start":256,"zmlevel":5,"end":511},"4":{"dim":4,"start":0,"zmlevel":0,"end":23}}},"0-768-1023-5x1-3328-3583-5x4-0-23-0":{"dataSum":0,"pixSum":0,"pixMax":0,"factor":1.0,"meta":{"1":{"dim":1,"start":3328,"zmlevel":5,"end":3583},"0":{"dim":0,"start":768,"zmlevel":5,"end":1023},"4":{"dim":4,"start":0,"zmlevel":0,"end":23}}},"0-1536-1791-5x1-256-511-5x4-0-23-0":{"dataSum":0,"pixSum":0,"pixMax":0,"factor":1.0,"meta":{"1":{"dim":1,"start":256,"zmlevel":5,"end":511},"0":{"dim":0,"start":1536,"zmlevel":5,"end":1791},"4":{"dim":4,"start":0,"zmlevel":0,"end":23}}},"0-1792-2047-5x1-3072-3327-5x4-0-23-0":{"dataSum":0,"pixSum":0,"pixMax":0,"factor":1.0,"meta":{"1":{"dim":1,"start":3072,"zmlevel":5,"end":3327},"0":{"dim":0,"start":1792,"zmlevel":5,"end":2047},"4":{"dim":4,"start":0,"zmlevel":0,"end":23}}},"0-0-255-5x1-1024-1279-5x4-0-23-0":{"dataSum":25,"pixSum":25,"pixMax":3,"factor":1.0,"meta":{"1":{"dim":1,"start":1024,"zmlevel":5,"end":1279},"0":{"dim":0,"start":0,"zmlevel":5,"end":255},"4":{"dim":4,"start":0,"zmlevel":0,"end":23}}},"0-0-255-5x1-768-1023-5x4-0-23-0":{"dataSum":1,"pixSum":1,"pixMax":1,"factor":1.0,"meta":{"1":{"dim":1,"start":768,"zmlevel":5,"end":1023},"0":{"dim":0,"start":0,"zmlevel":5,"end":255},"4":{"dim":4,"start":0,"zmlevel":0,"end":23}}},"0-3584-3839-5x1-2304-2559-5x4-0-23-0":{"dataSum":90443,"pixSum":90443,"pixMax":721,"factor":1.0,"meta":{"1":{"dim":1,"start":2304,"zmlevel":5,"end":2559},"0":{"dim":0,"start":3584,"zmlevel":5,"end":3839},"4":{"dim":4,"start":0,"zmlevel":0,"end":23}}},"0-256-511-5x1-2816-3071-5x4-0-23-0":{"dataSum":0,"pixSum":0,"pixMax":0,"factor":1.0,"meta":{"1":{"dim":1,"start":2816,"zmlevel":5,"end":3071},"0":{"dim":0,"start":256,"zmlevel":5,"end":511},"4":{"dim":4,"start":0,"zmlevel":0,"end":23}}},"0-1792-2047-5x1-2560-2815-5x4-0-23-0":{"dataSum":0,"pixSum":0,"pixMax":0,"factor":1.0,"meta":{"1":{"dim":1,"start":2560,"zmlevel":5,"end":2815},"0":{"dim":0,"start":1792,"zmlevel":5,"end":2047},"4":{"dim":4,"start":0,"zmlevel":0,"end":23}}},"0-1280-1535-5x1-768-1023-5x4-0-23-0":{"dataSum":0,"pixSum":0,"pixMax":0,"factor":1.0,"meta":{"1":{"dim":1,"start":768,"zmlevel":5,"end":1023},"0":{"dim":0,"start":1280,"zmlevel":5,"end":1535},"4":{"dim":4,"start":0,"zmlevel":0,"end":23}}},"0-1280-1535-5x1-3840-4095-5x4-0-23-0":{"dataSum":0,"pixSum":0,"pixMax":0,"factor":1.0,"meta":{"1":{"dim":1,"start":3840,"zmlevel":5,"end":4095},"0":{"dim":0,"start":1280,"zmlevel":5,"end":1535},"4":{"dim":4,"start":0,"zmlevel":0,"end":23}}},"0-1280-1535-5x1-1792-2047-5x4-0-23-0":{"dataSum":7932,"pixSum":7932,"pixMax":110,"factor":1.0,"meta":{"1":{"dim":1,"start":1792,"zmlevel":5,"end":2047},"0":{"dim":0,"start":1280,"zmlevel":5,"end":1535},"4":{"dim":4,"start":0,"zmlevel":0,"end":23}}},"0-1536-1791-5x1-0-255-5x4-0-23-0":{"dataSum":0,"pixSum":0,"pixMax":0,"factor":1.0,"meta":{"1":{"dim":1,"start":0,"zmlevel":5,"end":255},"0":{"dim":0,"start":1536,"zmlevel":5,"end":1791},"4":{"dim":4,"start":0,"zmlevel":0,"end":23}}},"0-2816-3071-5x1-3584-3839-5x4-0-23-0":{"dataSum":0,"pixSum":0,"pixMax":0,"factor":1.0,"meta":{"1":{"dim":1,"start":3584,"zmlevel":5,"end":3839},"0":{"dim":0,"start":2816,"zmlevel":5,"end":3071},"4":{"dim":4,"start":0,"zmlevel":0,"end":23}}},"0-3072-3327-5x1-2560-2815-5x4-0-23-0":{"dataSum":0,"pixSum":0,"pixMax":0,"factor":1.0,"meta":{"1":{"dim":1,"start":2560,"zmlevel":5,"end":2815},"0":{"dim":0,"start":3072,"zmlevel":5,"end":3327},"4":{"dim":4,"start":0,"zmlevel":0,"end":23}}},"0-1024-1279-5x1-768-1023-5x4-0-23-0":{"dataSum":1,"pixSum":1,"pixMax":1,"factor":1.0,"meta":{"1":{"dim":1,"start":768,"zmlevel":5,"end":1023},"0":{"dim":0,"start":1024,"zmlevel":5,"end":1279},"4":{"dim":4,"start":0,"zmlevel":0,"end":23}}},"0-256-511-5x1-2304-2559-5x4-0-23-0":{"dataSum":0,"pixSum":0,"pixMax":0,"factor":1.0,"meta":{"1":{"dim":1,"start":2304,"zmlevel":5,"end":2559},"0":{"dim":0,"start":256,"zmlevel":5,"end":511},"4":{"dim":4,"start":0,"zmlevel":0,"end":23}}},"0-1280-1535-5x1-512-767-5x4-0-23-0":{"dataSum":0,"pixSum":0,"pixMax":0,"factor":1.0,"meta":{"1":{"dim":1,"start":512,"zmlevel":5,"end":767},"0":{"dim":0,"start":1280,"zmlevel":5,"end":1535},"4":{"dim":4,"start":0,"zmlevel":0,"end":23}}},"0-2816-3071-5x1-768-1023-5x4-0-23-0":{"dataSum":3,"pixSum":3,"pixMax":1,"factor":1.0,"meta":{"1":{"dim":1,"start":768,"zmlevel":5,"end":1023},"0":{"dim":0,"start":2816,"zmlevel":5,"end":3071},"4":{"dim":4,"start":0,"zmlevel":0,"end":23}}},"0-1024-1279-5x1-3072-3327-5x4-0-23-0":{"dataSum":0,"pixSum":0,"pixMax":0,"factor":1.0,"meta":{"1":{"dim":1,"start":3072,"zmlevel":5,"end":3327},"0":{"dim":0,"start":1024,"zmlevel":5,"end":1279},"4":{"dim":4,"start":0,"zmlevel":0,"end":23}}},"0-1792-2047-5x1-2048-2303-5x4-0-23-0":{"dataSum":7,"pixSum":7,"pixMax":2,"factor":1.0,"meta":{"1":{"dim":1,"start":2048,"zmlevel":5,"end":2303},"0":{"dim":0,"start":1792,"zmlevel":5,"end":2047},"4":{"dim":4,"start":0,"zmlevel":0,"end":23}}},"0-512-767-5x1-512-767-5x4-0-23-0":{"dataSum":1,"pixSum":1,"pixMax":1,"factor":1.0,"meta":{"1":{"dim":1,"start":512,"zmlevel":5,"end":767},"0":{"dim":0,"start":512,"zmlevel":5,"end":767},"4":{"dim":4,"start":0,"zmlevel":0,"end":23}}},"0-0-255-5x1-1280-1535-5x4-0-23-0":{"dataSum":6,"pixSum":6,"pixMax":2,"factor":1.0,"meta":{"1":{"dim":1,"start":1280,"zmlevel":5,"end":1535},"0":{"dim":0,"start":0,"zmlevel":5,"end":255},"4":{"dim":4,"start":0,"zmlevel":0,"end":23}}},"0-3328-3583-5x1-2816-3071-5x4-0-23-0":{"dataSum":0,"pixSum":0,"pixMax":0,"factor":1.0,"meta":{"1":{"dim":1,"start":2816,"zmlevel":5,"end":3071},"0":{"dim":0,"start":3328,"zmlevel":5,"end":3583},"4":{"dim":4,"start":0,"zmlevel":0,"end":23}}},"0-3072-3327-5x1-0-255-5x4-0-23-0":{"dataSum":0,"pixSum":0,"pixMax":0,"factor":1.0,"meta":{"1":{"dim":1,"start":0,"zmlevel":5,"end":255},"0":{"dim":0,"start":3072,"zmlevel":5,"end":3327},"4":{"dim":4,"start":0,"zmlevel":0,"end":23}}},"0-3328-3583-5x1-3072-3327-5x4-0-23-0":{"dataSum":0,"pixSum":0,"pixMax":0,"factor":1.0,"meta":{"1":{"dim":1,"start":3072,"zmlevel":5,"end":3327},"0":{"dim":0,"start":3328,"zmlevel":5,"end":3583},"4":{"dim":4,"start":0,"zmlevel":0,"end":23}}},"0-1792-2047-5x1-2304-2559-5x4-0-23-0":{"dataSum":0,"pixSum":0,"pixMax":0,"factor":1.0,"meta":{"1":{"dim":1,"start":2304,"zmlevel":5,"end":2559},"0":{"dim":0,"start":1792,"zmlevel":5,"end":2047},"4":{"dim":4,"start":0,"zmlevel":0,"end":23}}},"0-2048-2303-5x1-1280-1535-5x4-0-23-0":{"dataSum":330765,"pixSum":330765,"pixMax":717,"factor":1.0,"meta":{"1":{"dim":1,"start":1280,"zmlevel":5,"end":1535},"0":{"dim":0,"start":2048,"zmlevel":5,"end":2303},"4":{"dim":4,"start":0,"zmlevel":0,"end":23}}},"0-3584-3839-5x1-0-255-5x4-0-23-0":{"dataSum":0,"pixSum":0,"pixMax":0,"factor":1.0,"meta":{"1":{"dim":1,"start":0,"zmlevel":5,"end":255},"0":{"dim":0,"start":3584,"zmlevel":5,"end":3839},"4":{"dim":4,"start":0,"zmlevel":0,"end":23}}},"0-1792-2047-5x1-1280-1535-5x4-0-23-0":{"dataSum":200019,"pixSum":200019,"pixMax":975,"factor":1.0,"meta":{"1":{"dim":1,"start":1280,"zmlevel":5,"end":1535},"0":{"dim":0,"start":1792,"zmlevel":5,"end":2047},"4":{"dim":4,"start":0,"zmlevel":0,"end":23}}},"0-1536-1791-5x1-1536-1791-5x4-0-23-0":{"dataSum":61,"pixSum":61,"pixMax":6,"factor":1.0,"meta":{"1":{"dim":1,"start":1536,"zmlevel":5,"end":1791},"0":{"dim":0,"start":1536,"zmlevel":5,"end":1791},"4":{"dim":4,"start":0,"zmlevel":0,"end":23}}},"0-1536-1791-5x1-3584-3839-5x4-0-23-0":{"dataSum":0,"pixSum":0,"pixMax":0,"factor":1.0,"meta":{"1":{"dim":1,"start":3584,"zmlevel":5,"end":3839},"0":{"dim":0,"start":1536,"zmlevel":5,"end":1791},"4":{"dim":4,"start":0,"zmlevel":0,"end":23}}},"0-1280-1535-5x1-2304-2559-5x4-0-23-0":{"dataSum":21062,"pixSum":21062,"pixMax":376,"factor":1.0,"meta":{"1":{"dim":1,"start":2304,"zmlevel":5,"end":2559},"0":{"dim":0,"start":1280,"zmlevel":5,"end":1535},"4":{"dim":4,"start":0,"zmlevel":0,"end":23}}},"0-3584-3839-5x1-256-511-5x4-0-23-0":{"dataSum":0,"pixSum":0,"pixMax":0,"factor":1.0,"meta":{"1":{"dim":1,"start":256,"zmlevel":5,"end":511},"0":{"dim":0,"start":3584,"zmlevel":5,"end":3839},"4":{"dim":4,"start":0,"zmlevel":0,"end":23}}},"0-2304-2559-5x1-0-255-5x4-0-23-0":{"dataSum":0,"pixSum":0,"pixMax":0,"factor":1.0,"meta":{"1":{"dim":1,"start":0,"zmlevel":5,"end":255},"0":{"dim":0,"start":2304,"zmlevel":5,"end":2559},"4":{"dim":4,"start":0,"zmlevel":0,"end":23}}},"0-3584-3839-5x1-3072-3327-5x4-0-23-0":{"dataSum":0,"pixSum":0,"pixMax":0,"factor":1.0,"meta":{"1":{"dim":1,"start":3072,"zmlevel":5,"end":3327},"0":{"dim":0,"start":3584,"zmlevel":5,"end":3839},"4":{"dim":4,"start":0,"zmlevel":0,"end":23}}},"0-2816-3071-5x1-1280-1535-5x4-0-23-0":{"dataSum":73,"pixSum":73,"pixMax":4,"factor":1.0,"meta":{"1":{"dim":1,"start":1280,"zmlevel":5,"end":1535},"0":{"dim":0,"start":2816,"zmlevel":5,"end":3071},"4":{"dim":4,"start":0,"zmlevel":0,"end":23}}},"0-512-767-5x1-1280-1535-5x4-0-23-0":{"dataSum":213188,"pixSum":213188,"pixMax":2545,"factor":1.0,"meta":{"1":{"dim":1,"start":1280,"zmlevel":5,"end":1535},"0":{"dim":0,"start":512,"zmlevel":5,"end":767},"4":{"dim":4,"start":0,"zmlevel":0,"end":23}}},"0-3328-3583-5x1-3584-3839-5x4-0-23-0":{"dataSum":0,"pixSum":0,"pixMax":0,"factor":1.0,"meta":{"1":{"dim":1,"start":3584,"zmlevel":5,"end":3839},"0":{"dim":0,"start":3328,"zmlevel":5,"end":3583},"4":{"dim":4,"start":0,"zmlevel":0,"end":23}}},"0-2816-3071-5x1-3840-4095-5x4-0-23-0":{"dataSum":0,"pixSum":0,"pixMax":0,"factor":1.0,"meta":{"1":{"dim":1,"start":3840,"zmlevel":5,"end":4095},"0":{"dim":0,"start":2816,"zmlevel":5,"end":3071},"4":{"dim":4,"start":0,"zmlevel":0,"end":23}}},"0-2816-3071-5x1-1792-2047-5x4-0-23-0":{"dataSum":9661,"pixSum":9661,"pixMax":168,"factor":1.0,"meta":{"1":{"dim":1,"start":1792,"zmlevel":5,"end":2047},"0":{"dim":0,"start":2816,"zmlevel":5,"end":3071},"4":{"dim":4,"start":0,"zmlevel":0,"end":23}}},"0-1024-1279-5x1-1280-1535-5x4-0-23-0":{"dataSum":405193,"pixSum":405193,"pixMax":1371,"factor":1.0,"meta":{"1":{"dim":1,"start":1280,"zmlevel":5,"end":1535},"0":{"dim":0,"start":1024,"zmlevel":5,"end":1279},"4":{"dim":4,"start":0,"zmlevel":0,"end":23}}},"0-2048-2303-5x1-2560-2815-5x4-0-23-0":{"dataSum":0,"pixSum":0,"pixMax":0,"factor":1.0,"meta":{"1":{"dim":1,"start":2560,"zmlevel":5,"end":2815},"0":{"dim":0,"start":2048,"zmlevel":5,"end":2303},"4":{"dim":4,"start":0,"zmlevel":0,"end":23}}},"0-1024-1279-5x1-512-767-5x4-0-23-0":{"dataSum":0,"pixSum":0,"pixMax":0,"factor":1.0,"meta":{"1":{"dim":1,"start":512,"zmlevel":5,"end":767},"0":{"dim":0,"start":1024,"zmlevel":5,"end":1279},"4":{"dim":4,"start":0,"zmlevel":0,"end":23}}},"0-2048-2303-5x1-1536-1791-5x4-0-23-0":{"dataSum":4796,"pixSum":4796,"pixMax":125,"factor":1.0,"meta":{"1":{"dim":1,"start":1536,"zmlevel":5,"end":1791},"0":{"dim":0,"start":2048,"zmlevel":5,"end":2303},"4":{"dim":4,"start":0,"zmlevel":0,"end":23}}},"0-768-1023-5x1-2560-2815-5x4-0-23-0":{"dataSum":0,"pixSum":0,"pixMax":0,"factor":1.0,"meta":{"1":{"dim":1,"start":2560,"zmlevel":5,"end":2815},"0":{"dim":0,"start":768,"zmlevel":5,"end":1023},"4":{"dim":4,"start":0,"zmlevel":0,"end":23}}},"0-3840-4095-5x1-1024-1279-5x4-0-23-0":{"dataSum":0,"pixSum":0,"pixMax":0,"factor":1.0,"meta":{"1":{"dim":1,"start":1024,"zmlevel":5,"end":1279},"0":{"dim":0,"start":3840,"zmlevel":5,"end":4095},"4":{"dim":4,"start":0,"zmlevel":0,"end":23}}},"0-2048-2303-5x1-256-511-5x4-0-23-0":{"dataSum":2,"pixSum":2,"pixMax":1,"factor":1.0,"meta":{"1":{"dim":1,"start":256,"zmlevel":5,"end":511},"0":{"dim":0,"start":2048,"zmlevel":5,"end":2303},"4":{"dim":4,"start":0,"zmlevel":0,"end":23}}},"0-3328-3583-5x1-3328-3583-5x4-0-23-0":{"dataSum":0,"pixSum":0,"pixMax":0,"factor":1.0,"meta":{"1":{"dim":1,"start":3328,"zmlevel":5,"end":3583},"0":{"dim":0,"start":3328,"zmlevel":5,"end":3583},"4":{"dim":4,"start":0,"zmlevel":0,"end":23}}},"0-2304-2559-5x1-1024-1279-5x4-0-23-0":{"dataSum":21823,"pixSum":21823,"pixMax":507,"factor":1.0,"meta":{"1":{"dim":1,"start":1024,"zmlevel":5,"end":1279},"0":{"dim":0,"start":2304,"zmlevel":5,"end":2559},"4":{"dim":4,"start":0,"zmlevel":0,"end":23}}},"0-1024-1279-5x1-3328-3583-5x4-0-23-0":{"dataSum":0,"pixSum":0,"pixMax":0,"factor":1.0,"meta":{"1":{"dim":1,"start":3328,"zmlevel":5,"end":3583},"0":{"dim":0,"start":1024,"zmlevel":5,"end":1279},"4":{"dim":4,"start":0,"zmlevel":0,"end":23}}},"0-1792-2047-5x1-0-255-5x4-0-23-0":{"dataSum":0,"pixSum":0,"pixMax":0,"factor":1.0,"meta":{"1":{"dim":1,"start":0,"zmlevel":5,"end":255},"0":{"dim":0,"start":1792,"zmlevel":5,"end":2047},"4":{"dim":4,"start":0,"zmlevel":0,"end":23}}},"0-512-767-5x1-3840-4095-5x4-0-23-0":{"dataSum":0,"pixSum":0,"pixMax":0,"factor":1.0,"meta":{"1":{"dim":1,"start":3840,"zmlevel":5,"end":4095},"0":{"dim":0,"start":512,"zmlevel":5,"end":767},"4":{"dim":4,"start":0,"zmlevel":0,"end":23}}},"0-2560-2815-5x1-3328-3583-5x4-0-23-0":{"dataSum":0,"pixSum":0,"pixMax":0,"factor":1.0,"meta":{"1":{"dim":1,"start":3328,"zmlevel":5,"end":3583},"0":{"dim":0,"start":2560,"zmlevel":5,"end":2815},"4":{"dim":4,"start":0,"zmlevel":0,"end":23}}},"0-1280-1535-5x1-3328-3583-5x4-0-23-0":{"dataSum":0,"pixSum":0,"pixMax":0,"factor":1.0,"meta":{"1":{"dim":1,"start":3328,"zmlevel":5,"end":3583},"0":{"dim":0,"start":1280,"zmlevel":5,"end":1535},"4":{"dim":4,"start":0,"zmlevel":0,"end":23}}},"0-3840-4095-5x1-512-767-5x4-0-23-0":{"dataSum":0,"pixSum":0,"pixMax":0,"factor":1.0,"meta":{"1":{"dim":1,"start":512,"zmlevel":5,"end":767},"0":{"dim":0,"start":3840,"zmlevel":5,"end":4095},"4":{"dim":4,"start":0,"zmlevel":0,"end":23}}},"0-768-1023-5x1-1792-2047-5x4-0-23-0":{"dataSum":9599,"pixSum":9599,"pixMax":213,"factor":1.0,"meta":{"1":{"dim":1,"start":1792,"zmlevel":5,"end":2047},"0":{"dim":0,"start":768,"zmlevel":5,"end":1023},"4":{"dim":4,"start":0,"zmlevel":0,"end":23}}},"0-3072-3327-5x1-3584-3839-5x4-0-23-0":{"dataSum":0,"pixSum":0,"pixMax":0,"factor":1.0,"meta":{"1":{"dim":1,"start":3584,"zmlevel":5,"end":3839},"0":{"dim":0,"start":3072,"zmlevel":5,"end":3327},"4":{"dim":4,"start":0,"zmlevel":0,"end":23}}},"0-512-767-5x1-256-511-5x4-0-23-0":{"dataSum":0,"pixSum":0,"pixMax":0,"factor":1.0,"meta":{"1":{"dim":1,"start":256,"zmlevel":5,"end":511},"0":{"dim":0,"start":512,"zmlevel":5,"end":767},"4":{"dim":4,"start":0,"zmlevel":0,"end":23}}},"0-2304-2559-5x1-2816-3071-5x4-0-23-0":{"dataSum":0,"pixSum":0,"pixMax":0,"factor":1.0,"meta":{"1":{"dim":1,"start":2816,"zmlevel":5,"end":3071},"0":{"dim":0,"start":2304,"zmlevel":5,"end":2559},"4":{"dim":4,"start":0,"zmlevel":0,"end":23}}},"0-3072-3327-5x1-512-767-5x4-0-23-0":{"dataSum":0,"pixSum":0,"pixMax":0,"factor":1.0,"meta":{"1":{"dim":1,"start":512,"zmlevel":5,"end":767},"0":{"dim":0,"start":3072,"zmlevel":5,"end":3327},"4":{"dim":4,"start":0,"zmlevel":0,"end":23}}},"0-2304-2559-5x1-2560-2815-5x4-0-23-0":{"dataSum":1,"pixSum":1,"pixMax":1,"factor":1.0,"meta":{"1":{"dim":1,"start":2560,"zmlevel":5,"end":2815},"0":{"dim":0,"start":2304,"zmlevel":5,"end":2559},"4":{"dim":4,"start":0,"zmlevel":0,"end":23}}},"0-2560-2815-5x1-2560-2815-5x4-0-23-0":{"dataSum":0,"pixSum":0,"pixMax":0,"factor":1.0,"meta":{"1":{"dim":1,"start":2560,"zmlevel":5,"end":2815},"0":{"dim":0,"start":2560,"zmlevel":5,"end":2815},"4":{"dim":4,"start":0,"zmlevel":0,"end":23}}},"0-2048-2303-5x1-0-255-5x4-0-23-0":{"dataSum":0,"pixSum":0,"pixMax":0,"factor":1.0,"meta":{"1":{"dim":1,"start":0,"zmlevel":5,"end":255},"0":{"dim":0,"start":2048,"zmlevel":5,"end":2303},"4":{"dim":4,"start":0,"zmlevel":0,"end":23}}},"0-768-1023-5x1-3072-3327-5x4-0-23-0":{"dataSum":0,"pixSum":0,"pixMax":0,"factor":1.0,"meta":{"1":{"dim":1,"start":3072,"zmlevel":5,"end":3327},"0":{"dim":0,"start":768,"zmlevel":5,"end":1023},"4":{"dim":4,"start":0,"zmlevel":0,"end":23}}},"0-768-1023-5x1-1280-1535-5x4-0-23-0":{"dataSum":77359,"pixSum":77359,"pixMax":687,"factor":1.0,"meta":{"1":{"dim":1,"start":1280,"zmlevel":5,"end":1535},"0":{"dim":0,"start":768,"zmlevel":5,"end":1023},"4":{"dim":4,"start":0,"zmlevel":0,"end":23}}},"0-2304-2559-5x1-1792-2047-5x4-0-23-0":{"dataSum":1190,"pixSum":1190,"pixMax":67,"factor":1.0,"meta":{"1":{"dim":1,"start":1792,"zmlevel":5,"end":2047},"0":{"dim":0,"start":2304,"zmlevel":5,"end":2559},"4":{"dim":4,"start":0,"zmlevel":0,"end":23}}},"0-2304-2559-5x1-2048-2303-5x4-0-23-0":{"dataSum":1489,"pixSum":1489,"pixMax":42,"factor":1.0,"meta":{"1":{"dim":1,"start":2048,"zmlevel":5,"end":2303},"0":{"dim":0,"start":2304,"zmlevel":5,"end":2559},"4":{"dim":4,"start":0,"zmlevel":0,"end":23}}},"0-1536-1791-5x1-3840-4095-5x4-0-23-0":{"dataSum":0,"pixSum":0,"pixMax":0,"factor":1.0,"meta":{"1":{"dim":1,"start":3840,"zmlevel":5,"end":4095},"0":{"dim":0,"start":1536,"zmlevel":5,"end":1791},"4":{"dim":4,"start":0,"zmlevel":0,"end":23}}},"0-512-767-5x1-1024-1279-5x4-0-23-0":{"dataSum":450,"pixSum":450,"pixMax":18,"factor":1.0,"meta":{"1":{"dim":1,"start":1024,"zmlevel":5,"end":1279},"0":{"dim":0,"start":512,"zmlevel":5,"end":767},"4":{"dim":4,"start":0,"zmlevel":0,"end":23}}},"0-1024-1279-5x1-2816-3071-5x4-0-23-0":{"dataSum":0,"pixSum":0,"pixMax":0,"factor":1.0,"meta":{"1":{"dim":1,"start":2816,"zmlevel":5,"end":3071},"0":{"dim":0,"start":1024,"zmlevel":5,"end":1279},"4":{"dim":4,"start":0,"zmlevel":0,"end":23}}},"0-1792-2047-5x1-3328-3583-5x4-0-23-0":{"dataSum":43,"pixSum":43,"pixMax":7,"factor":1.0,"meta":{"1":{"dim":1,"start":3328,"zmlevel":5,"end":3583},"0":{"dim":0,"start":1792,"zmlevel":5,"end":2047},"4":{"dim":4,"start":0,"zmlevel":0,"end":23}}},"0-3584-3839-5x1-1536-1791-5x4-0-23-0":{"dataSum":364106,"pixSum":364106,"pixMax":4350,"factor":1.0,"meta":{"1":{"dim":1,"start":1536,"zmlevel":5,"end":1791},"0":{"dim":0,"start":3584,"zmlevel":5,"end":3839},"4":{"dim":4,"start":0,"zmlevel":0,"end":23}}},"0-2560-2815-5x1-3584-3839-5x4-0-23-0":{"dataSum":0,"pixSum":0,"pixMax":0,"factor":1.0,"meta":{"1":{"dim":1,"start":3584,"zmlevel":5,"end":3839},"0":{"dim":0,"start":2560,"zmlevel":5,"end":2815},"4":{"dim":4,"start":0,"zmlevel":0,"end":23}}},"0-1024-1279-5x1-1536-1791-5x4-0-23-0":{"dataSum":952595,"pixSum":952595,"pixMax":3122,"factor":1.0,"meta":{"1":{"dim":1,"start":1536,"zmlevel":5,"end":1791},"0":{"dim":0,"start":1024,"zmlevel":5,"end":1279},"4":{"dim":4,"start":0,"zmlevel":0,"end":23}}},"0-1792-2047-5x1-3584-3839-5x4-0-23-0":{"dataSum":0,"pixSum":0,"pixMax":0,"factor":1.0,"meta":{"1":{"dim":1,"start":3584,"zmlevel":5,"end":3839},"0":{"dim":0,"start":1792,"zmlevel":5,"end":2047},"4":{"dim":4,"start":0,"zmlevel":0,"end":23}}},"0-2304-2559-5x1-3328-3583-5x4-0-23-0":{"dataSum":10,"pixSum":10,"pixMax":3,"factor":1.0,"meta":{"1":{"dim":1,"start":3328,"zmlevel":5,"end":3583},"0":{"dim":0,"start":2304,"zmlevel":5,"end":2559},"4":{"dim":4,"start":0,"zmlevel":0,"end":23}}},"0-2048-2303-5x1-3840-4095-5x4-0-23-0":{"dataSum":0,"pixSum":0,"pixMax":0,"factor":1.0,"meta":{"1":{"dim":1,"start":3840,"zmlevel":5,"end":4095},"0":{"dim":0,"start":2048,"zmlevel":5,"end":2303},"4":{"dim":4,"start":0,"zmlevel":0,"end":23}}},"0-1792-2047-5x1-768-1023-5x4-0-23-0":{"dataSum":0,"pixSum":0,"pixMax":0,"factor":1.0,"meta":{"1":{"dim":1,"start":768,"zmlevel":5,"end":1023},"0":{"dim":0,"start":1792,"zmlevel":5,"end":2047},"4":{"dim":4,"start":0,"zmlevel":0,"end":23}}},"0-256-511-5x1-2560-2815-5x4-0-23-0":{"dataSum":0,"pixSum":0,"pixMax":0,"factor":1.0,"meta":{"1":{"dim":1,"start":2560,"zmlevel":5,"end":2815},"0":{"dim":0,"start":256,"zmlevel":5,"end":511},"4":{"dim":4,"start":0,"zmlevel":0,"end":23}}},"0-1536-1791-5x1-1024-1279-5x4-0-23-0":{"dataSum":30,"pixSum":30,"pixMax":3,"factor":1.0,"meta":{"1":{"dim":1,"start":1024,"zmlevel":5,"end":1279},"0":{"dim":0,"start":1536,"zmlevel":5,"end":1791},"4":{"dim":4,"start":0,"zmlevel":0,"end":23}}},"0-1024-1279-5x1-3584-3839-5x4-0-23-0":{"dataSum":0,"pixSum":0,"pixMax":0,"factor":1.0,"meta":{"1":{"dim":1,"start":3584,"zmlevel":5,"end":3839},"0":{"dim":0,"start":1024,"zmlevel":5,"end":1279},"4":{"dim":4,"start":0,"zmlevel":0,"end":23}}},"0-3328-3583-5x1-1536-1791-5x4-0-23-0":{"dataSum":90818,"pixSum":90818,"pixMax":397,"factor":1.0,"meta":{"1":{"dim":1,"start":1536,"zmlevel":5,"end":1791},"0":{"dim":0,"start":3328,"zmlevel":5,"end":3583},"4":{"dim":4,"start":0,"zmlevel":0,"end":23}}},"0-2560-2815-5x1-1792-2047-5x4-0-23-0":{"dataSum":125,"pixSum":125,"pixMax":12,"factor":1.0,"meta":{"1":{"dim":1,"start":1792,"zmlevel":5,"end":2047},"0":{"dim":0,"start":2560,"zmlevel":5,"end":2815},"4":{"dim":4,"start":0,"zmlevel":0,"end":23}}},"0-3072-3327-5x1-256-511-5x4-0-23-0":{"dataSum":0,"pixSum":0,"pixMax":0,"factor":1.0,"meta":{"1":{"dim":1,"start":256,"zmlevel":5,"end":511},"0":{"dim":0,"start":3072,"zmlevel":5,"end":3327},"4":{"dim":4,"start":0,"zmlevel":0,"end":23}}},"0-2560-2815-5x1-0-255-5x4-0-23-0":{"dataSum":0,"pixSum":0,"pixMax":0,"factor":1.0,"meta":{"1":{"dim":1,"start":0,"zmlevel":5,"end":255},"0":{"dim":0,"start":2560,"zmlevel":5,"end":2815},"4":{"dim":4,"start":0,"zmlevel":0,"end":23}}},"0-256-511-5x1-3584-3839-5x4-0-23-0":{"dataSum":0,"pixSum":0,"pixMax":0,"factor":1.0,"meta":{"1":{"dim":1,"start":3584,"zmlevel":5,"end":3839},"0":{"dim":0,"start":256,"zmlevel":5,"end":511},"4":{"dim":4,"start":0,"zmlevel":0,"end":23}}},"0-1536-1791-5x1-2304-2559-5x4-0-23-0":{"dataSum":2470,"pixSum":2470,"pixMax":213,"factor":1.0,"meta":{"1":{"dim":1,"start":2304,"zmlevel":5,"end":2559},"0":{"dim":0,"start":1536,"zmlevel":5,"end":1791},"4":{"dim":4,"start":0,"zmlevel":0,"end":23}}},"0-2048-2303-5x1-3584-3839-5x4-0-23-0":{"dataSum":1,"pixSum":1,"pixMax":1,"factor":1.0,"meta":{"1":{"dim":1,"start":3584,"zmlevel":5,"end":3839},"0":{"dim":0,"start":2048,"zmlevel":5,"end":2303},"4":{"dim":4,"start":0,"zmlevel":0,"end":23}}},"0-0-255-5x1-2304-2559-5x4-0-23-0":{"dataSum":0,"pixSum":0,"pixMax":0,"factor":1.0,"meta":{"1":{"dim":1,"start":2304,"zmlevel":5,"end":2559},"0":{"dim":0,"start":0,"zmlevel":5,"end":255},"4":{"dim":4,"start":0,"zmlevel":0,"end":23}}},"0-2816-3071-5x1-1024-1279-5x4-0-23-0":{"dataSum":8,"pixSum":8,"pixMax":1,"factor":1.0,"meta":{"1":{"dim":1,"start":1024,"zmlevel":5,"end":1279},"0":{"dim":0,"start":2816,"zmlevel":5,"end":3071},"4":{"dim":4,"start":0,"zmlevel":0,"end":23}}},"0-2560-2815-5x1-256-511-5x4-0-23-0":{"dataSum":2,"pixSum":2,"pixMax":2,"factor":1.0,"meta":{"1":{"dim":1,"start":256,"zmlevel":5,"end":511},"0":{"dim":0,"start":2560,"zmlevel":5,"end":2815},"4":{"dim":4,"start":0,"zmlevel":0,"end":23}}},"0-768-1023-5x1-512-767-5x4-0-23-0":{"dataSum":0,"pixSum":0,"pixMax":0,"factor":1.0,"meta":{"1":{"dim":1,"start":512,"zmlevel":5,"end":767},"0":{"dim":0,"start":768,"zmlevel":5,"end":1023},"4":{"dim":4,"start":0,"zmlevel":0,"end":23}}},"globalMinProj":{"0x1":1},"0-2816-3071-5x1-2048-2303-5x4-0-23-0":{"dataSum":1,"pixSum":1,"pixMax":1,"factor":1.0,"meta":{"1":{"dim":1,"start":2048,"zmlevel":5,"end":2303},"0":{"dim":0,"start":2816,"zmlevel":5,"end":3071},"4":{"dim":4,"start":0,"zmlevel":0,"end":23}}},"0-1536-1791-5x1-2560-2815-5x4-0-23-0":{"dataSum":0,"pixSum":0,"pixMax":0,"factor":1.0,"meta":{"1":{"dim":1,"start":2560,"zmlevel":5,"end":2815},"0":{"dim":0,"start":1536,"zmlevel":5,"end":1791},"4":{"dim":4,"start":0,"zmlevel":0,"end":23}}},"0-3840-4095-5x1-3840-4095-5x4-0-23-0":{"dataSum":0,"pixSum":0,"pixMax":0,"factor":1.0,"meta":{"1":{"dim":1,"start":3840,"zmlevel":5,"end":4095},"0":{"dim":0,"start":3840,"zmlevel":5,"end":4095},"4":{"dim":4,"start":0,"zmlevel":0,"end":23}}},"0-256-511-5x1-512-767-5x4-0-23-0":{"dataSum":0,"pixSum":0,"pixMax":0,"factor":1.0,"meta":{"1":{"dim":1,"start":512,"zmlevel":5,"end":767},"0":{"dim":0,"start":256,"zmlevel":5,"end":511},"4":{"dim":4,"start":0,"zmlevel":0,"end":23}}},"0-3584-3839-5x1-3840-4095-5x4-0-23-0":{"dataSum":0,"pixSum":0,"pixMax":0,"factor":1.0,"meta":{"1":{"dim":1,"start":3840,"zmlevel":5,"end":4095},"0":{"dim":0,"start":3584,"zmlevel":5,"end":3839},"4":{"dim":4,"start":0,"zmlevel":0,"end":23}}},"0-2816-3071-5x1-2816-3071-5x4-0-23-0":{"dataSum":0,"pixSum":0,"pixMax":0,"factor":1.0,"meta":{"1":{"dim":1,"start":2816,"zmlevel":5,"end":3071},"0":{"dim":0,"start":2816,"zmlevel":5,"end":3071},"4":{"dim":4,"start":0,"zmlevel":0,"end":23}}},"0-3840-4095-5x1-2816-3071-5x4-0-23-0":{"dataSum":0,"pixSum":0,"pixMax":0,"factor":1.0,"meta":{"1":{"dim":1,"start":2816,"zmlevel":5,"end":3071},"0":{"dim":0,"start":3840,"zmlevel":5,"end":4095},"4":{"dim":4,"start":0,"zmlevel":0,"end":23}}},"0-768-1023-5x1-2304-2559-5x4-0-23-0":{"dataSum":32,"pixSum":32,"pixMax":15,"factor":1.0,"meta":{"1":{"dim":1,"start":2304,"zmlevel":5,"end":2559},"0":{"dim":0,"start":768,"zmlevel":5,"end":1023},"4":{"dim":4,"start":0,"zmlevel":0,"end":23}}},"0-3328-3583-5x1-2560-2815-5x4-0-23-0":{"dataSum":0,"pixSum":0,"pixMax":0,"factor":1.0,"meta":{"1":{"dim":1,"start":2560,"zmlevel":5,"end":2815},"0":{"dim":0,"start":3328,"zmlevel":5,"end":3583},"4":{"dim":4,"start":0,"zmlevel":0,"end":23}}},"0-256-511-5x1-768-1023-5x4-0-23-0":{"dataSum":39,"pixSum":39,"pixMax":4,"factor":1.0,"meta":{"1":{"dim":1,"start":768,"zmlevel":5,"end":1023},"0":{"dim":0,"start":256,"zmlevel":5,"end":511},"4":{"dim":4,"start":0,"zmlevel":0,"end":23}}},"globalMaxProj":{"0x1":59990},"0-2816-3071-5x1-256-511-5x4-0-23-0":{"dataSum":0,"pixSum":0,"pixMax":0,"factor":1.0,"meta":{"1":{"dim":1,"start":256,"zmlevel":5,"end":511},"0":{"dim":0,"start":2816,"zmlevel":5,"end":3071},"4":{"dim":4,"start":0,"zmlevel":0,"end":23}}},"0-512-767-5x1-1792-2047-5x4-0-23-0":{"dataSum":0,"pixSum":0,"pixMax":0,"factor":1.0,"meta":{"1":{"dim":1,"start":1792,"zmlevel":5,"end":2047},"0":{"dim":0,"start":512,"zmlevel":5,"end":767},"4":{"dim":4,"start":0,"zmlevel":0,"end":23}}},"0-1280-1535-5x1-1536-1791-5x4-0-23-0":{"dataSum":119,"pixSum":119,"pixMax":10,"factor":1.0,"meta":{"1":{"dim":1,"start":1536,"zmlevel":5,"end":1791},"0":{"dim":0,"start":1280,"zmlevel":5,"end":1535},"4":{"dim":4,"start":0,"zmlevel":0,"end":23}}},"0-2304-2559-5x1-512-767-5x4-0-23-0":{"dataSum":0,"pixSum":0,"pixMax":0,"factor":1.0,"meta":{"1":{"dim":1,"start":512,"zmlevel":5,"end":767},"0":{"dim":0,"start":2304,"zmlevel":5,"end":2559},"4":{"dim":4,"start":0,"zmlevel":0,"end":23}}},"0-1792-2047-5x1-256-511-5x4-0-23-0":{"dataSum":0,"pixSum":0,"pixMax":0,"factor":1.0,"meta":{"1":{"dim":1,"start":256,"zmlevel":5,"end":511},"0":{"dim":0,"start":1792,"zmlevel":5,"end":2047},"4":{"dim":4,"start":0,"zmlevel":0,"end":23}}},"0-1536-1791-5x1-1792-2047-5x4-0-23-0":{"dataSum":3,"pixSum":3,"pixMax":2,"factor":1.0,"meta":{"1":{"dim":1,"start":1792,"zmlevel":5,"end":2047},"0":{"dim":0,"start":1536,"zmlevel":5,"end":1791},"4":{"dim":4,"start":0,"zmlevel":0,"end":23}}},"0-2304-2559-5x1-3840-4095-5x4-0-23-0":{"dataSum":0,"pixSum":0,"pixMax":0,"factor":1.0,"meta":{"1":{"dim":1,"start":3840,"zmlevel":5,"end":4095},"0":{"dim":0,"start":2304,"zmlevel":5,"end":2559},"4":{"dim":4,"start":0,"zmlevel":0,"end":23}}},"0-1280-1535-5x1-0-255-5x4-0-23-0":{"dataSum":0,"pixSum":0,"pixMax":0,"factor":1.0,"meta":{"1":{"dim":1,"start":0,"zmlevel":5,"end":255},"0":{"dim":0,"start":1280,"zmlevel":5,"end":1535},"4":{"dim":4,"start":0,"zmlevel":0,"end":23}}},"0-1280-1535-5x1-1024-1279-5x4-0-23-0":{"dataSum":0,"pixSum":0,"pixMax":0,"factor":1.0,"meta":{"1":{"dim":1,"start":1024,"zmlevel":5,"end":1279},"0":{"dim":0,"start":1280,"zmlevel":5,"end":1535},"4":{"dim":4,"start":0,"zmlevel":0,"end":23}}},"0-1536-1791-5x1-1280-1535-5x4-0-23-0":{"dataSum":0,"pixSum":0,"pixMax":0,"factor":1.0,"meta":{"1":{"dim":1,"start":1280,"zmlevel":5,"end":1535},"0":{"dim":0,"start":1536,"zmlevel":5,"end":1791},"4":{"dim":4,"start":0,"zmlevel":0,"end":23}}},"0-2048-2303-5x1-512-767-5x4-0-23-0":{"dataSum":10,"pixSum":10,"pixMax":3,"factor":1.0,"meta":{"1":{"dim":1,"start":512,"zmlevel":5,"end":767},"0":{"dim":0,"start":2048,"zmlevel":5,"end":2303},"4":{"dim":4,"start":0,"zmlevel":0,"end":23}}},"0-512-767-5x1-3072-3327-5x4-0-23-0":{"dataSum":0,"pixSum":0,"pixMax":0,"factor":1.0,"meta":{"1":{"dim":1,"start":3072,"zmlevel":5,"end":3327},"0":{"dim":0,"start":512,"zmlevel":5,"end":767},"4":{"dim":4,"start":0,"zmlevel":0,"end":23}}},"0-0-255-5x1-3328-3583-5x4-0-23-0":{"dataSum":0,"pixSum":0,"pixMax":0,"factor":1.0,"meta":{"1":{"dim":1,"start":3328,"zmlevel":5,"end":3583},"0":{"dim":0,"start":0,"zmlevel":5,"end":255},"4":{"dim":4,"start":0,"zmlevel":0,"end":23}}},"0-3584-3839-5x1-1280-1535-5x4-0-23-0":{"dataSum":17454,"pixSum":17454,"pixMax":376,"factor":1.0,"meta":{"1":{"dim":1,"start":1280,"zmlevel":5,"end":1535},"0":{"dim":0,"start":3584,"zmlevel":5,"end":3839},"4":{"dim":4,"start":0,"zmlevel":0,"end":23}}},"0-0-255-5x1-3840-4095-5x4-0-23-0":{"dataSum":0,"pixSum":0,"pixMax":0,"factor":1.0,"meta":{"1":{"dim":1,"start":3840,"zmlevel":5,"end":4095},"0":{"dim":0,"start":0,"zmlevel":5,"end":255},"4":{"dim":4,"start":0,"zmlevel":0,"end":23}}},"0-0-255-5x1-1536-1791-5x4-0-23-0":{"dataSum":1026,"pixSum":1026,"pixMax":41,"factor":1.0,"meta":{"1":{"dim":1,"start":1536,"zmlevel":5,"end":1791},"0":{"dim":0,"start":0,"zmlevel":5,"end":255},"4":{"dim":4,"start":0,"zmlevel":0,"end":23}}},"0-1280-1535-5x1-2816-3071-5x4-0-23-0":{"dataSum":0,"pixSum":0,"pixMax":0,"factor":1.0,"meta":{"1":{"dim":1,"start":2816,"zmlevel":5,"end":3071},"0":{"dim":0,"start":1280,"zmlevel":5,"end":1535},"4":{"dim":4,"start":0,"zmlevel":0,"end":23}}},"0-3584-3839-5x1-2560-2815-5x4-0-23-0":{"dataSum":2795,"pixSum":2795,"pixMax":156,"factor":1.0,"meta":{"1":{"dim":1,"start":2560,"zmlevel":5,"end":2815},"0":{"dim":0,"start":3584,"zmlevel":5,"end":3839},"4":{"dim":4,"start":0,"zmlevel":0,"end":23}}},"0-1024-1279-5x1-2304-2559-5x4-0-23-0":{"dataSum":9069,"pixSum":9069,"pixMax":361,"factor":1.0,"meta":{"1":{"dim":1,"start":2304,"zmlevel":5,"end":2559},"0":{"dim":0,"start":1024,"zmlevel":5,"end":1279},"4":{"dim":4,"start":0,"zmlevel":0,"end":23}}},"0-3072-3327-5x1-1536-1791-5x4-0-23-0":{"dataSum":2666,"pixSum":2666,"pixMax":82,"factor":1.0,"meta":{"1":{"dim":1,"start":1536,"zmlevel":5,"end":1791},"0":{"dim":0,"start":3072,"zmlevel":5,"end":3327},"4":{"dim":4,"start":0,"zmlevel":0,"end":23}}},"0-1536-1791-5x1-3328-3583-5x4-0-23-0":{"dataSum":0,"pixSum":0,"pixMax":0,"factor":1.0,"meta":{"1":{"dim":1,"start":3328,"zmlevel":5,"end":3583},"0":{"dim":0,"start":1536,"zmlevel":5,"end":1791},"4":{"dim":4,"start":0,"zmlevel":0,"end":23}}},"0-2560-2815-5x1-1280-1535-5x4-0-23-0":{"dataSum":652,"pixSum":652,"pixMax":48,"factor":1.0,"meta":{"1":{"dim":1,"start":1280,"zmlevel":5,"end":1535},"0":{"dim":0,"start":2560,"zmlevel":5,"end":2815},"4":{"dim":4,"start":0,"zmlevel":0,"end":23}}},"0-3328-3583-5x1-1024-1279-5x4-0-23-0":{"dataSum":2,"pixSum":2,"pixMax":1,"factor":1.0,"meta":{"1":{"dim":1,"start":1024,"zmlevel":5,"end":1279},"0":{"dim":0,"start":3328,"zmlevel":5,"end":3583},"4":{"dim":4,"start":0,"zmlevel":0,"end":23}}},"0-3584-3839-5x1-1792-2047-5x4-0-23-0":{"dataSum":395,"pixSum":395,"pixMax":56,"factor":1.0,"meta":{"1":{"dim":1,"start":1792,"zmlevel":5,"end":2047},"0":{"dim":0,"start":3584,"zmlevel":5,"end":3839},"4":{"dim":4,"start":0,"zmlevel":0,"end":23}}},"0-2048-2303-5x1-3072-3327-5x4-0-23-0":{"dataSum":0,"pixSum":0,"pixMax":0,"factor":1.0,"meta":{"1":{"dim":1,"start":3072,"zmlevel":5,"end":3327},"0":{"dim":0,"start":2048,"zmlevel":5,"end":2303},"4":{"dim":4,"start":0,"zmlevel":0,"end":23}}},"0-3328-3583-5x1-512-767-5x4-0-23-0":{"dataSum":0,"pixSum":0,"pixMax":0,"factor":1.0,"meta":{"1":{"dim":1,"start":512,"zmlevel":5,"end":767},"0":{"dim":0,"start":3328,"zmlevel":5,"end":3583},"4":{"dim":4,"start":0,"zmlevel":0,"end":23}}},"0-2304-2559-5x1-1280-1535-5x4-0-23-0":{"dataSum":11766,"pixSum":11766,"pixMax":187,"factor":1.0,"meta":{"1":{"dim":1,"start":1280,"zmlevel":5,"end":1535},"0":{"dim":0,"start":2304,"zmlevel":5,"end":2559},"4":{"dim":4,"start":0,"zmlevel":0,"end":23}}},"0-256-511-5x1-1536-1791-5x4-0-23-0":{"dataSum":0,"pixSum":0,"pixMax":0,"factor":1.0,"meta":{"1":{"dim":1,"start":1536,"zmlevel":5,"end":1791},"0":{"dim":0,"start":256,"zmlevel":5,"end":511},"4":{"dim":4,"start":0,"zmlevel":0,"end":23}}},"0-256-511-5x1-3328-3583-5x4-0-23-0":{"dataSum":0,"pixSum":0,"pixMax":0,"factor":1.0,"meta":{"1":{"dim":1,"start":3328,"zmlevel":5,"end":3583},"0":{"dim":0,"start":256,"zmlevel":5,"end":511},"4":{"dim":4,"start":0,"zmlevel":0,"end":23}}},"0-1792-2047-5x1-512-767-5x4-0-23-0":{"dataSum":0,"pixSum":0,"pixMax":0,"factor":1.0,"meta":{"1":{"dim":1,"start":512,"zmlevel":5,"end":767},"0":{"dim":0,"start":1792,"zmlevel":5,"end":2047},"4":{"dim":4,"start":0,"zmlevel":0,"end":23}}},"0-2560-2815-5x1-3840-4095-5x4-0-23-0":{"dataSum":0,"pixSum":0,"pixMax":0,"factor":1.0,"meta":{"1":{"dim":1,"start":3840,"zmlevel":5,"end":4095},"0":{"dim":0,"start":2560,"zmlevel":5,"end":2815},"4":{"dim":4,"start":0,"zmlevel":0,"end":23}}},"0-3840-4095-5x1-2304-2559-5x4-0-23-0":{"dataSum":2376,"pixSum":2376,"pixMax":88,"factor":1.0,"meta":{"1":{"dim":1,"start":2304,"zmlevel":5,"end":2559},"0":{"dim":0,"start":3840,"zmlevel":5,"end":4095},"4":{"dim":4,"start":0,"zmlevel":0,"end":23}}},"0-1024-1279-5x1-1024-1279-5x4-0-23-0":{"dataSum":2,"pixSum":2,"pixMax":1,"factor":1.0,"meta":{"1":{"dim":1,"start":1024,"zmlevel":5,"end":1279},"0":{"dim":0,"start":1024,"zmlevel":5,"end":1279},"4":{"dim":4,"start":0,"zmlevel":0,"end":23}}},"0-0-255-5x1-256-511-5x4-0-23-0":{"dataSum":0,"pixSum":0,"pixMax":0,"factor":1.0,"meta":{"1":{"dim":1,"start":256,"zmlevel":5,"end":511},"0":{"dim":0,"start":0,"zmlevel":5,"end":255},"4":{"dim":4,"start":0,"zmlevel":0,"end":23}}},"0-1280-1535-5x1-256-511-5x4-0-23-0":{"dataSum":0,"pixSum":0,"pixMax":0,"factor":1.0,"meta":{"1":{"dim":1,"start":256,"zmlevel":5,"end":511},"0":{"dim":0,"start":1280,"zmlevel":5,"end":1535},"4":{"dim":4,"start":0,"zmlevel":0,"end":23}}},"0-3072-3327-5x1-2048-2303-5x4-0-23-0":{"dataSum":12223,"pixSum":12223,"pixMax":443,"factor":1.0,"meta":{"1":{"dim":1,"start":2048,"zmlevel":5,"end":2303},"0":{"dim":0,"start":3072,"zmlevel":5,"end":3327},"4":{"dim":4,"start":0,"zmlevel":0,"end":23}}},"0-0-255-5x1-512-767-5x4-0-23-0":{"dataSum":0,"pixSum":0,"pixMax":0,"factor":1.0,"meta":{"1":{"dim":1,"start":512,"zmlevel":5,"end":767},"0":{"dim":0,"start":0,"zmlevel":5,"end":255},"4":{"dim":4,"start":0,"zmlevel":0,"end":23}}},"0-2816-3071-5x1-2304-2559-5x4-0-23-0":{"dataSum":0,"pixSum":0,"pixMax":0,"factor":1.0,"meta":{"1":{"dim":1,"start":2304,"zmlevel":5,"end":2559},"0":{"dim":0,"start":2816,"zmlevel":5,"end":3071},"4":{"dim":4,"start":0,"zmlevel":0,"end":23}}},"0-512-767-5x1-3584-3839-5x4-0-23-0":{"dataSum":0,"pixSum":0,"pixMax":0,"factor":1.0,"meta":{"1":{"dim":1,"start":3584,"zmlevel":5,"end":3839},"0":{"dim":0,"start":512,"zmlevel":5,"end":767},"4":{"dim":4,"start":0,"zmlevel":0,"end":23}}},"0-3072-3327-5x1-1024-1279-5x4-0-23-0":{"dataSum":72,"pixSum":72,"pixMax":6,"factor":1.0,"meta":{"1":{"dim":1,"start":1024,"zmlevel":5,"end":1279},"0":{"dim":0,"start":3072,"zmlevel":5,"end":3327},"4":{"dim":4,"start":0,"zmlevel":0,"end":23}}},"0-2048-2303-5x1-2816-3071-5x4-0-23-0":{"dataSum":0,"pixSum":0,"pixMax":0,"factor":1.0,"meta":{"1":{"dim":1,"start":2816,"zmlevel":5,"end":3071},"0":{"dim":0,"start":2048,"zmlevel":5,"end":2303},"4":{"dim":4,"start":0,"zmlevel":0,"end":23}}},"0-1024-1279-5x1-256-511-5x4-0-23-0":{"dataSum":0,"pixSum":0,"pixMax":0,"factor":1.0,"meta":{"1":{"dim":1,"start":256,"zmlevel":5,"end":511},"0":{"dim":0,"start":1024,"zmlevel":5,"end":1279},"4":{"dim":4,"start":0,"zmlevel":0,"end":23}}},"0-0-255-5x1-3072-3327-5x4-0-23-0":{"dataSum":0,"pixSum":0,"pixMax":0,"factor":1.0,"meta":{"1":{"dim":1,"start":3072,"zmlevel":5,"end":3327},"0":{"dim":0,"start":0,"zmlevel":5,"end":255},"4":{"dim":4,"start":0,"zmlevel":0,"end":23}}},"0-512-767-5x1-2816-3071-5x4-0-23-0":{"dataSum":0,"pixSum":0,"pixMax":0,"factor":1.0,"meta":{"1":{"dim":1,"start":2816,"zmlevel":5,"end":3071},"0":{"dim":0,"start":512,"zmlevel":5,"end":767},"4":{"dim":4,"start":0,"zmlevel":0,"end":23}}},"0-0-255-5x1-2048-2303-5x4-0-23-0":{"dataSum":2321,"pixSum":2321,"pixMax":158,"factor":1.0,"meta":{"1":{"dim":1,"start":2048,"zmlevel":5,"end":2303},"0":{"dim":0,"start":0,"zmlevel":5,"end":255},"4":{"dim":4,"start":0,"zmlevel":0,"end":23}}},"0-512-767-5x1-0-255-5x4-0-23-0":{"dataSum":4,"pixSum":4,"pixMax":1,"factor":1.0,"meta":{"1":{"dim":1,"start":0,"zmlevel":5,"end":255},"0":{"dim":0,"start":512,"zmlevel":5,"end":767},"4":{"dim":4,"start":0,"zmlevel":0,"end":23}}},"0-2816-3071-5x1-512-767-5x4-0-23-0":{"dataSum":0,"pixSum":0,"pixMax":0,"factor":1.0,"meta":{"1":{"dim":1,"start":512,"zmlevel":5,"end":767},"0":{"dim":0,"start":2816,"zmlevel":5,"end":3071},"4":{"dim":4,"start":0,"zmlevel":0,"end":23}}},"0-2816-3071-5x1-3072-3327-5x4-0-23-0":{"dataSum":0,"pixSum":0,"pixMax":0,"factor":1.0,"meta":{"1":{"dim":1,"start":3072,"zmlevel":5,"end":3327},"0":{"dim":0,"start":2816,"zmlevel":5,"end":3071},"4":{"dim":4,"start":0,"zmlevel":0,"end":23}}},"0-768-1023-5x1-0-255-5x4-0-23-0":{"dataSum":0,"pixSum":0,"pixMax":0,"factor":1.0,"meta":{"1":{"dim":1,"start":0,"zmlevel":5,"end":255},"0":{"dim":0,"start":768,"zmlevel":5,"end":1023},"4":{"dim":4,"start":0,"zmlevel":0,"end":23}}},"0-1024-1279-5x1-1792-2047-5x4-0-23-0":{"dataSum":10596,"pixSum":10596,"pixMax":198,"factor":1.0,"meta":{"1":{"dim":1,"start":1792,"zmlevel":5,"end":2047},"0":{"dim":0,"start":1024,"zmlevel":5,"end":1279},"4":{"dim":4,"start":0,"zmlevel":0,"end":23}}},"0-1024-1279-5x1-2048-2303-5x4-0-23-0":{"dataSum":2778,"pixSum":2778,"pixMax":213,"factor":1.0,"meta":{"1":{"dim":1,"start":2048,"zmlevel":5,"end":2303},"0":{"dim":0,"start":1024,"zmlevel":5,"end":1279},"4":{"dim":4,"start":0,"zmlevel":0,"end":23}}},"0-1536-1791-5x1-2816-3071-5x4-0-23-0":{"dataSum":0,"pixSum":0,"pixMax":0,"factor":1.0,"meta":{"1":{"dim":1,"start":2816,"zmlevel":5,"end":3071},"0":{"dim":0,"start":1536,"zmlevel":5,"end":1791},"4":{"dim":4,"start":0,"zmlevel":0,"end":23}}},"0-3072-3327-5x1-2304-2559-5x4-0-23-0":{"dataSum":0,"pixSum":0,"pixMax":0,"factor":1.0,"meta":{"1":{"dim":1,"start":2304,"zmlevel":5,"end":2559},"0":{"dim":0,"start":3072,"zmlevel":5,"end":3327},"4":{"dim":4,"start":0,"zmlevel":0,"end":23}}},"0-768-1023-5x1-2048-2303-5x4-0-23-0":{"dataSum":2,"pixSum":2,"pixMax":1,"factor":1.0,"meta":{"1":{"dim":1,"start":2048,"zmlevel":5,"end":2303},"0":{"dim":0,"start":768,"zmlevel":5,"end":1023},"4":{"dim":4,"start":0,"zmlevel":0,"end":23}}},"0-2048-2303-5x1-2048-2303-5x4-0-23-0":{"dataSum":421,"pixSum":421,"pixMax":36,"factor":1.0,"meta":{"1":{"dim":1,"start":2048,"zmlevel":5,"end":2303},"0":{"dim":0,"start":2048,"zmlevel":5,"end":2303},"4":{"dim":4,"start":0,"zmlevel":0,"end":23}}},"0-2048-2303-5x1-3328-3583-5x4-0-23-0":{"dataSum":0,"pixSum":0,"pixMax":0,"factor":1.0,"meta":{"1":{"dim":1,"start":3328,"zmlevel":5,"end":3583},"0":{"dim":0,"start":2048,"zmlevel":5,"end":2303},"4":{"dim":4,"start":0,"zmlevel":0,"end":23}}},"0-3328-3583-5x1-1792-2047-5x4-0-23-0":{"dataSum":28253,"pixSum":28253,"pixMax":552,"factor":1.0,"meta":{"1":{"dim":1,"start":1792,"zmlevel":5,"end":2047},"0":{"dim":0,"start":3328,"zmlevel":5,"end":3583},"4":{"dim":4,"start":0,"zmlevel":0,"end":23}}},"0-1536-1791-5x1-2048-2303-5x4-0-23-0":{"dataSum":296,"pixSum":296,"pixMax":11,"factor":1.0,"meta":{"1":{"dim":1,"start":2048,"zmlevel":5,"end":2303},"0":{"dim":0,"start":1536,"zmlevel":5,"end":1791},"4":{"dim":4,"start":0,"zmlevel":0,"end":23}}},"0-2304-2559-5x1-768-1023-5x4-0-23-0":{"dataSum":213,"pixSum":213,"pixMax":10,"factor":1.0,"meta":{"1":{"dim":1,"start":768,"zmlevel":5,"end":1023},"0":{"dim":0,"start":2304,"zmlevel":5,"end":2559},"4":{"dim":4,"start":0,"zmlevel":0,"end":23}}},"0-0-255-5x1-0-255-5x4-0-23-0":{"dataSum":0,"pixSum":0,"pixMax":0,"factor":1.0,"meta":{"1":{"dim":1,"start":0,"zmlevel":5,"end":255},"0":{"dim":0,"start":0,"zmlevel":5,"end":255},"4":{"dim":4,"start":0,"zmlevel":0,"end":23}}},"0-3328-3583-5x1-256-511-5x4-0-23-0":{"dataSum":0,"pixSum":0,"pixMax":0,"factor":1.0,"meta":{"1":{"dim":1,"start":256,"zmlevel":5,"end":511},"0":{"dim":0,"start":3328,"zmlevel":5,"end":3583},"4":{"dim":4,"start":0,"zmlevel":0,"end":23}}},"0-1536-1791-5x1-512-767-5x4-0-23-0":{"dataSum":0,"pixSum":0,"pixMax":0,"factor":1.0,"meta":{"1":{"dim":1,"start":512,"zmlevel":5,"end":767},"0":{"dim":0,"start":1536,"zmlevel":5,"end":1791},"4":{"dim":4,"start":0,"zmlevel":0,"end":23}}},"0-3584-3839-5x1-2048-2303-5x4-0-23-0":{"dataSum":1241,"pixSum":1241,"pixMax":40,"factor":1.0,"meta":{"1":{"dim":1,"start":2048,"zmlevel":5,"end":2303},"0":{"dim":0,"start":3584,"zmlevel":5,"end":3839},"4":{"dim":4,"start":0,"zmlevel":0,"end":23}}},"0-768-1023-5x1-1024-1279-5x4-0-23-0":{"dataSum":1103,"pixSum":1103,"pixMax":112,"factor":1.0,"meta":{"1":{"dim":1,"start":1024,"zmlevel":5,"end":1279},"0":{"dim":0,"start":768,"zmlevel":5,"end":1023},"4":{"dim":4,"start":0,"zmlevel":0,"end":23}}},"0-256-511-5x1-256-511-5x4-0-23-0":{"dataSum":0,"pixSum":0,"pixMax":0,"factor":1.0,"meta":{"1":{"dim":1,"start":256,"zmlevel":5,"end":511},"0":{"dim":0,"start":256,"zmlevel":5,"end":511},"4":{"dim":4,"start":0,"zmlevel":0,"end":23}}},"0-2048-2303-5x1-2304-2559-5x4-0-23-0":{"dataSum":838,"pixSum":838,"pixMax":50,"factor":1.0,"meta":{"1":{"dim":1,"start":2304,"zmlevel":5,"end":2559},"0":{"dim":0,"start":2048,"zmlevel":5,"end":2303},"4":{"dim":4,"start":0,"zmlevel":0,"end":23}}},"0-768-1023-5x1-1536-1791-5x4-0-23-0":{"dataSum":714317,"pixSum":714317,"pixMax":4819,"factor":1.0,"meta":{"1":{"dim":1,"start":1536,"zmlevel":5,"end":1791},"0":{"dim":0,"start":768,"zmlevel":5,"end":1023},"4":{"dim":4,"start":0,"zmlevel":0,"end":23}}},"0-256-511-5x1-2048-2303-5x4-0-23-0":{"dataSum":106,"pixSum":106,"pixMax":20,"factor":1.0,"meta":{"1":{"dim":1,"start":2048,"zmlevel":5,"end":2303},"0":{"dim":0,"start":256,"zmlevel":5,"end":511},"4":{"dim":4,"start":0,"zmlevel":0,"end":23}}},"0-2304-2559-5x1-2304-2559-5x4-0-23-0":{"dataSum":7149,"pixSum":7149,"pixMax":164,"factor":1.0,"meta":{"1":{"dim":1,"start":2304,"zmlevel":5,"end":2559},"0":{"dim":0,"start":2304,"zmlevel":5,"end":2559},"4":{"dim":4,"start":0,"zmlevel":0,"end":23}}},"0-3840-4095-5x1-1792-2047-5x4-0-23-0":{"dataSum":19,"pixSum":19,"pixMax":3,"factor":1.0,"meta":{"1":{"dim":1,"start":1792,"zmlevel":5,"end":2047},"0":{"dim":0,"start":3840,"zmlevel":5,"end":4095},"4":{"dim":4,"start":0,"zmlevel":0,"end":23}}},"0-3328-3583-5x1-0-255-5x4-0-23-0":{"dataSum":0,"pixSum":0,"pixMax":0,"factor":1.0,"meta":{"1":{"dim":1,"start":0,"zmlevel":5,"end":255},"0":{"dim":0,"start":3328,"zmlevel":5,"end":3583},"4":{"dim":4,"start":0,"zmlevel":0,"end":23}}},"0-0-255-5x1-2560-2815-5x4-0-23-0":{"dataSum":0,"pixSum":0,"pixMax":0,"factor":1.0,"meta":{"1":{"dim":1,"start":2560,"zmlevel":5,"end":2815},"0":{"dim":0,"start":0,"zmlevel":5,"end":255},"4":{"dim":4,"start":0,"zmlevel":0,"end":23}}},"0-1536-1791-5x1-3072-3327-5x4-0-23-0":{"dataSum":2,"pixSum":2,"pixMax":2,"factor":1.0,"meta":{"1":{"dim":1,"start":3072,"zmlevel":5,"end":3327},"0":{"dim":0,"start":1536,"zmlevel":5,"end":1791},"4":{"dim":4,"start":0,"zmlevel":0,"end":23}}},"0-3840-4095-5x1-3072-3327-5x4-0-23-0":{"dataSum":0,"pixSum":0,"pixMax":0,"factor":1.0,"meta":{"1":{"dim":1,"start":3072,"zmlevel":5,"end":3327},"0":{"dim":0,"start":3840,"zmlevel":5,"end":4095},"4":{"dim":4,"start":0,"zmlevel":0,"end":23}}},"0-768-1023-5x1-3840-4095-5x4-0-23-0":{"dataSum":0,"pixSum":0,"pixMax":0,"factor":1.0,"meta":{"1":{"dim":1,"start":3840,"zmlevel":5,"end":4095},"0":{"dim":0,"start":768,"zmlevel":5,"end":1023},"4":{"dim":4,"start":0,"zmlevel":0,"end":23}}},"0-256-511-5x1-1024-1279-5x4-0-23-0":{"dataSum":8908,"pixSum":8908,"pixMax":192,"factor":1.0,"meta":{"1":{"dim":1,"start":1024,"zmlevel":5,"end":1279},"0":{"dim":0,"start":256,"zmlevel":5,"end":511},"4":{"dim":4,"start":0,"zmlevel":0,"end":23}}},"0-256-511-5x1-3072-3327-5x4-0-23-0":{"dataSum":0,"pixSum":0,"pixMax":0,"factor":1.0,"meta":{"1":{"dim":1,"start":3072,"zmlevel":5,"end":3327},"0":{"dim":0,"start":256,"zmlevel":5,"end":511},"4":{"dim":4,"start":0,"zmlevel":0,"end":23}}},"0-512-767-5x1-3328-3583-5x4-0-23-0":{"dataSum":0,"pixSum":0,"pixMax":0,"factor":1.0,"meta":{"1":{"dim":1,"start":3328,"zmlevel":5,"end":3583},"0":{"dim":0,"start":512,"zmlevel":5,"end":767},"4":{"dim":4,"start":0,"zmlevel":0,"end":23}}},"0-1280-1535-5x1-3072-3327-5x4-0-23-0":{"dataSum":0,"pixSum":0,"pixMax":0,"factor":1.0,"meta":{"1":{"dim":1,"start":3072,"zmlevel":5,"end":3327},"0":{"dim":0,"start":1280,"zmlevel":5,"end":1535},"4":{"dim":4,"start":0,"zmlevel":0,"end":23}}},"0-0-255-5x1-2816-3071-5x4-0-23-0":{"dataSum":0,"pixSum":0,"pixMax":0,"factor":1.0,"meta":{"1":{"dim":1,"start":2816,"zmlevel":5,"end":3071},"0":{"dim":0,"start":0,"zmlevel":5,"end":255},"4":{"dim":4,"start":0,"zmlevel":0,"end":23}}},"0-3584-3839-5x1-3328-3583-5x4-0-23-0":{"dataSum":0,"pixSum":0,"pixMax":0,"factor":1.0,"meta":{"1":{"dim":1,"start":3328,"zmlevel":5,"end":3583},"0":{"dim":0,"start":3584,"zmlevel":5,"end":3839},"4":{"dim":4,"start":0,"zmlevel":0,"end":23}}},"0-2048-2303-5x1-1792-2047-5x4-0-23-0":{"dataSum":854,"pixSum":854,"pixMax":61,"factor":1.0,"meta":{"1":{"dim":1,"start":1792,"zmlevel":5,"end":2047},"0":{"dim":0,"start":2048,"zmlevel":5,"end":2303},"4":{"dim":4,"start":0,"zmlevel":0,"end":23}}},"0-512-767-5x1-2048-2303-5x4-0-23-0":{"dataSum":0,"pixSum":0,"pixMax":0,"factor":1.0,"meta":{"1":{"dim":1,"start":2048,"zmlevel":5,"end":2303},"0":{"dim":0,"start":512,"zmlevel":5,"end":767},"4":{"dim":4,"start":0,"zmlevel":0,"end":23}}},"0-3328-3583-5x1-768-1023-5x4-0-23-0":{"dataSum":0,"pixSum":0,"pixMax":0,"factor":1.0,"meta":{"1":{"dim":1,"start":768,"zmlevel":5,"end":1023},"0":{"dim":0,"start":3328,"zmlevel":5,"end":3583},"4":{"dim":4,"start":0,"zmlevel":0,"end":23}}},"0-2816-3071-5x1-3328-3583-5x4-0-23-0":{"dataSum":0,"pixSum":0,"pixMax":0,"factor":1.0,"meta":{"1":{"dim":1,"start":3328,"zmlevel":5,"end":3583},"0":{"dim":0,"start":2816,"zmlevel":5,"end":3071},"4":{"dim":4,"start":0,"zmlevel":0,"end":23}}},"0-768-1023-5x1-3584-3839-5x4-0-23-0":{"dataSum":0,"pixSum":0,"pixMax":0,"factor":1.0,"meta":{"1":{"dim":1,"start":3584,"zmlevel":5,"end":3839},"0":{"dim":0,"start":768,"zmlevel":5,"end":1023},"4":{"dim":4,"start":0,"zmlevel":0,"end":23}}},"0-768-1023-5x1-256-511-5x4-0-23-0":{"dataSum":0,"pixSum":0,"pixMax":0,"factor":1.0,"meta":{"1":{"dim":1,"start":256,"zmlevel":5,"end":511},"0":{"dim":0,"start":768,"zmlevel":5,"end":1023},"4":{"dim":4,"start":0,"zmlevel":0,"end":23}}},"0-512-767-5x1-2560-2815-5x4-0-23-0":{"dataSum":0,"pixSum":0,"pixMax":0,"factor":1.0,"meta":{"1":{"dim":1,"start":2560,"zmlevel":5,"end":2815},"0":{"dim":0,"start":512,"zmlevel":5,"end":767},"4":{"dim":4,"start":0,"zmlevel":0,"end":23}}},"0-512-767-5x1-768-1023-5x4-0-23-0":{"dataSum":0,"pixSum":0,"pixMax":0,"factor":1.0,"meta":{"1":{"dim":1,"start":768,"zmlevel":5,"end":1023},"0":{"dim":0,"start":512,"zmlevel":5,"end":767},"4":{"dim":4,"start":0,"zmlevel":0,"end":23}}},"0-2304-2559-5x1-3584-3839-5x4-0-23-0":{"dataSum":46,"pixSum":46,"pixMax":6,"factor":1.0,"meta":{"1":{"dim":1,"start":3584,"zmlevel":5,"end":3839},"0":{"dim":0,"start":2304,"zmlevel":5,"end":2559},"4":{"dim":4,"start":0,"zmlevel":0,"end":23}}},"0-1792-2047-5x1-3840-4095-5x4-0-23-0":{"dataSum":0,"pixSum":0,"pixMax":0,"factor":1.0,"meta":{"1":{"dim":1,"start":3840,"zmlevel":5,"end":4095},"0":{"dim":0,"start":1792,"zmlevel":5,"end":2047},"4":{"dim":4,"start":0,"zmlevel":0,"end":23}}},"0-0-255-5x1-1792-2047-5x4-0-23-0":{"dataSum":37448,"pixSum":37448,"pixMax":1157,"factor":1.0,"meta":{"1":{"dim":1,"start":1792,"zmlevel":5,"end":2047},"0":{"dim":0,"start":0,"zmlevel":5,"end":255},"4":{"dim":4,"start":0,"zmlevel":0,"end":23}}},"0-1792-2047-5x1-1536-1791-5x4-0-23-0":{"dataSum":29571,"pixSum":29571,"pixMax":246,"factor":1.0,"meta":{"1":{"dim":1,"start":1536,"zmlevel":5,"end":1791},"0":{"dim":0,"start":1792,"zmlevel":5,"end":2047},"4":{"dim":4,"start":0,"zmlevel":0,"end":23}}},"0-3584-3839-5x1-768-1023-5x4-0-23-0":{"dataSum":1,"pixSum":1,"pixMax":1,"factor":1.0,"meta":{"1":{"dim":1,"start":768,"zmlevel":5,"end":1023},"0":{"dim":0,"start":3584,"zmlevel":5,"end":3839},"4":{"dim":4,"start":0,"zmlevel":0,"end":23}}},"0-768-1023-5x1-2816-3071-5x4-0-23-0":{"dataSum":0,"pixSum":0,"pixMax":0,"factor":1.0,"meta":{"1":{"dim":1,"start":2816,"zmlevel":5,"end":3071},"0":{"dim":0,"start":768,"zmlevel":5,"end":1023},"4":{"dim":4,"start":0,"zmlevel":0,"end":23}}},"0-1280-1535-5x1-3584-3839-5x4-0-23-0":{"dataSum":0,"pixSum":0,"pixMax":0,"factor":1.0,"meta":{"1":{"dim":1,"start":3584,"zmlevel":5,"end":3839},"0":{"dim":0,"start":1280,"zmlevel":5,"end":1535},"4":{"dim":4,"start":0,"zmlevel":0,"end":23}}},"0-3072-3327-5x1-3072-3327-5x4-0-23-0":{"dataSum":0,"pixSum":0,"pixMax":0,"factor":1.0,"meta":{"1":{"dim":1,"start":3072,"zmlevel":5,"end":3327},"0":{"dim":0,"start":3072,"zmlevel":5,"end":3327},"4":{"dim":4,"start":0,"zmlevel":0,"end":23}}},"0-3840-4095-5x1-3328-3583-5x4-0-23-0":{"dataSum":0,"pixSum":0,"pixMax":0,"factor":1.0,"meta":{"1":{"dim":1,"start":3328,"zmlevel":5,"end":3583},"0":{"dim":0,"start":3840,"zmlevel":5,"end":4095},"4":{"dim":4,"start":0,"zmlevel":0,"end":23}}},"0-3072-3327-5x1-1792-2047-5x4-0-23-0":{"dataSum":26150,"pixSum":26150,"pixMax":441,"factor":1.0,"meta":{"1":{"dim":1,"start":1792,"zmlevel":5,"end":2047},"0":{"dim":0,"start":3072,"zmlevel":5,"end":3327},"4":{"dim":4,"start":0,"zmlevel":0,"end":23}}},"0-3328-3583-5x1-3840-4095-5x4-0-23-0":{"dataSum":0,"pixSum":0,"pixMax":0,"factor":1.0,"meta":{"1":{"dim":1,"start":3840,"zmlevel":5,"end":4095},"0":{"dim":0,"start":3328,"zmlevel":5,"end":3583},"4":{"dim":4,"start":0,"zmlevel":0,"end":23}}},"0-1536-1791-5x1-768-1023-5x4-0-23-0":{"dataSum":6,"pixSum":6,"pixMax":2,"factor":1.0,"meta":{"1":{"dim":1,"start":768,"zmlevel":5,"end":1023},"0":{"dim":0,"start":1536,"zmlevel":5,"end":1791},"4":{"dim":4,"start":0,"zmlevel":0,"end":23}}},"0-1792-2047-5x1-1024-1279-5x4-0-23-0":{"dataSum":18436,"pixSum":18436,"pixMax":297,"factor":1.0,"meta":{"1":{"dim":1,"start":1024,"zmlevel":5,"end":1279},"0":{"dim":0,"start":1792,"zmlevel":5,"end":2047},"4":{"dim":4,"start":0,"zmlevel":0,"end":23}}},"0-2048-2303-5x1-768-1023-5x4-0-23-0":{"dataSum":1848,"pixSum":1848,"pixMax":42,"factor":1.0,"meta":{"1":{"dim":1,"start":768,"zmlevel":5,"end":1023},"0":{"dim":0,"start":2048,"zmlevel":5,"end":2303},"4":{"dim":4,"start":0,"zmlevel":0,"end":23}}},"0-256-511-5x1-0-255-5x4-0-23-0":{"dataSum":0,"pixSum":0,"pixMax":0,"factor":1.0,"meta":{"1":{"dim":1,"start":0,"zmlevel":5,"end":255},"0":{"dim":0,"start":256,"zmlevel":5,"end":511},"4":{"dim":4,"start":0,"zmlevel":0,"end":23}}},"0-2304-2559-5x1-256-511-5x4-0-23-0":{"dataSum":0,"pixSum":0,"pixMax":0,"factor":1.0,"meta":{"1":{"dim":1,"start":256,"zmlevel":5,"end":511},"0":{"dim":0,"start":2304,"zmlevel":5,"end":2559},"4":{"dim":4,"start":0,"zmlevel":0,"end":23}}},"0-3840-4095-5x1-1536-1791-5x4-0-23-0":{"dataSum":0,"pixSum":0,"pixMax":0,"factor":1.0,"meta":{"1":{"dim":1,"start":1536,"zmlevel":5,"end":1791},"0":{"dim":0,"start":3840,"zmlevel":5,"end":4095},"4":{"dim":4,"start":0,"zmlevel":0,"end":23}}},"0-2560-2815-5x1-2304-2559-5x4-0-23-0":{"dataSum":0,"pixSum":0,"pixMax":0,"factor":1.0,"meta":{"1":{"dim":1,"start":2304,"zmlevel":5,"end":2559},"0":{"dim":0,"start":2560,"zmlevel":5,"end":2815},"4":{"dim":4,"start":0,"zmlevel":0,"end":23}}}}