{"0-0-255-3x1-256-511-3x4-0-23-0":{"dataSum":1645168,"pixSum":1645168,"pixMax":7441,"factor":1.0,"meta":{"1":{"dim":1,"start":256,"zmlevel":3,"end":511},"0":{"dim":0,"start":0,"zmlevel":3,"end":255},"4":{"dim":4,"start":0,"zmlevel":0,"end":23}}},"0-256-511-3x1-256-511-3x4-0-23-0":{"dataSum":1630541,"pixSum":1630541,"pixMax":4886,"factor":1.0,"meta":{"1":{"dim":1,"start":256,"zmlevel":3,"end":511},"0":{"dim":0,"start":256,"zmlevel":3,"end":511},"4":{"dim":4,"start":0,"zmlevel":0,"end":23}}},"globalMinProj":{"0x1":1},"0-512-767-3x1-256-511-3x4-0-23-0":{"dataSum":506385,"pixSum":506385,"pixMax":1783,"factor":1.0,"meta":{"1":{"dim":1,"start":256,"zmlevel":3,"end":511},"0":{"dim":0,"start":512,"zmlevel":3,"end":767},"4":{"dim":4,"start":0,"zmlevel":0,"end":23}}},"0-512-767-3x1-0-255-3x4-0-23-0":{"dataSum":2078,"pixSum":2078,"pixMax":48,"factor":1.0,"meta":{"1":{"dim":1,"start":0,"zmlevel":3,"end":255},"0":{"dim":0,"start":512,"zmlevel":3,"end":767},"4":{"dim":4,"start":0,"zmlevel":0,"end":23}}},"0-256-511-3x1-512-767-3x4-0-23-0":{"dataSum":36421,"pixSum":36421,"pixMax":411,"factor":1.0,"meta":{"1":{"dim":1,"start":512,"zmlevel":3,"end":767},"0":{"dim":0,"start":256,"zmlevel":3,"end":511},"4":{"dim":4,"start":0,"zmlevel":0,"end":23}}},"0-512-767-3x1-512-767-3x4-0-23-0":{"dataSum":10109,"pixSum":10109,"pixMax":182,"factor":1.0,"meta":{"1":{"dim":1,"start":512,"zmlevel":3,"end":767},"0":{"dim":0,"start":512,"zmlevel":3,"end":767},"4":{"dim":4,"start":0,"zmlevel":0,"end":23}}},"0-768-1023-3x1-512-767-3x4-0-23-0":{"dataSum":125537,"pixSum":125537,"pixMax":1371,"factor":1.0,"meta":{"1":{"dim":1,"start":512,"zmlevel":3,"end":767},"0":{"dim":0,"start":768,"zmlevel":3,"end":1023},"4":{"dim":4,"start":0,"zmlevel":0,"end":23}}},"0-256-511-3x1-768-1023-3x4-0-23-0":{"dataSum":45,"pixSum":45,"pixMax":7,"factor":1.0,"meta":{"1":{"dim":1,"start":768,"zmlevel":3,"end":1023},"0":{"dim":0,"start":256,"zmlevel":3,"end":511},"4":{"dim":4,"start":0,"zmlevel":0,"end":23}}},"0-256-511-3x1-0-255-3x4-0-23-0":{"dataSum":7,"pixSum":7,"pixMax":2,"factor":1.0,"meta":{"1":{"dim":1,"start":0,"zmlevel":3,"end":255},"0":{"dim":0,"start":256,"zmlevel":3,"end":511},"4":{"dim":4,"start":0,"zmlevel":0,"end":23}}},"0-0-255-3x1-512-767-3x4-0-23-0":{"dataSum":2481,"pixSum":2481,"pixMax":158,"factor":1.0,"meta":{"1":{"dim":1,"start":512,"zmlevel":3,"end":767},"0":{"dim":0,"start":0,"zmlevel":3,"end":255},"4":{"dim":4,"start":0,"zmlevel":0,"end":23}}},"0-0-255-3x1-0-255-3x4-0-23-0":{"dataSum":45,"pixSum":45,"pixMax":4,"factor":1.0,"meta":{"1":{"dim":1,"start":0,"zmlevel":3,"end":255},"0":{"dim":0,"start":0,"zmlevel":3,"end":255},"4":{"dim":4,"start":0,"zmlevel":0,"end":23}}},"0-0-255-3x1-768-1023-3x4-0-23-0":{"dataSum":0,"pixSum":0,"pixMax":0,"factor":1.0,"meta":{"1":{"dim":1,"start":768,"zmlevel":3,"end":1023},"0":{"dim":0,"start":0,"zmlevel":3,"end":255},"4":{"dim":4,"start":0,"zmlevel":0,"end":23}}},"0-512-767-3x1-768-1023-3x4-0-23-0":{"dataSum":60,"pixSum":60,"pixMax":6,"factor":1.0,"meta":{"1":{"dim":1,"start":768,"zmlevel":3,"end":1023},"0":{"dim":0,"start":512,"zmlevel":3,"end":767},"4":{"dim":4,"start":0,"zmlevel":0,"end":23}}},"0-768-1023-3x1-0-255-3x4-0-23-0":{"dataSum":1,"pixSum":1,"pixMax":1,"factor":1.0,"meta":{"1":{"dim":1,"start":0,"zmlevel":3,"end":255},"0":{"dim":0,"start":768,"zmlevel":3,"end":1023},"4":{"dim":4,"start":0,"zmlevel":0,"end":23}}},"0-768-1023-3x1-768-1023-3x4-0-23-0":{"dataSum":0,"pixSum":0,"pixMax":0,"factor":1.0,"meta":{"1":{"dim":1,"start":768,"zmlevel":3,"end":1023},"0":{"dim":0,"start":768,"zmlevel":3,"end":1023},"4":{"dim":4,"start":0,"zmlevel":0,"end":23}}},"0-768-1023-3x1-256-511-3x4-0-23-0":{"dataSum":532247,"pixSum":532247,"pixMax":12596,"factor":1.0,"meta":{"1":{"dim":1,"start":256,"zmlevel":3,"end":511},"0":{"dim":0,"start":768,"zmlevel":3,"end":1023},"4":{"dim":4,"start":0,"zmlevel":0,"end":23}}},"globalMaxProj":{"0x1":176988}}