{"0-256-511-2x1-0-255-2x4-0-23-0":{"dataSum":1040725,"pixSum":1040725,"pixMax":15734,"factor":1.0,"meta":{"1":{"dim":1,"start":0,"zmlevel":2,"end":255},"0":{"dim":0,"start":256,"zmlevel":2,"end":511},"4":{"dim":4,"start":0,"zmlevel":0,"end":23}}},"0-0-255-2x1-0-255-2x4-0-23-0":{"dataSum":3275745,"pixSum":3275745,"pixMax":9323,"factor":1.0,"meta":{"1":{"dim":1,"start":0,"zmlevel":2,"end":255},"0":{"dim":0,"start":0,"zmlevel":2,"end":255},"4":{"dim":4,"start":0,"zmlevel":0,"end":23}}},"globalMinProj":{"0x1":1},"0-0-255-2x1-256-511-2x4-0-23-0":{"dataSum":38947,"pixSum":38947,"pixMax":815,"factor":1.0,"meta":{"1":{"dim":1,"start":256,"zmlevel":2,"end":511},"0":{"dim":0,"start":0,"zmlevel":2,"end":255},"4":{"dim":4,"start":0,"zmlevel":0,"end":23}}},"0-256-511-2x1-256-511-2x4-0-23-0":{"dataSum":135708,"pixSum":135708,"pixMax":1679,"factor":1.0,"meta":{"1":{"dim":1,"start":256,"zmlevel":2,"end":511},"0":{"dim":0,"start":256,"zmlevel":2,"end":511},"4":{"dim":4,"start":0,"zmlevel":0,"end":23}}},"globalMaxProj":{"0x1":227312}}