{"0-768-1023-3x1-512-767-3x2-0-11-0":{"dataSum":125537,"pixSum":125537,"pixMax":2124,"factor":1.0,"meta":{"2":{"dim":2,"start":0,"zmlevel":0,"end":11},"1":{"dim":1,"start":512,"zmlevel":3,"end":767},"0":{"dim":0,"start":768,"zmlevel":3,"end":1023}}},"0-256-511-3x1-256-511-3x2-0-11-0":{"dataSum":1630541,"pixSum":1630541,"pixMax":8953,"factor":1.0,"meta":{"2":{"dim":2,"start":0,"zmlevel":0,"end":11},"1":{"dim":1,"start":256,"zmlevel":3,"end":511},"0":{"dim":0,"start":256,"zmlevel":3,"end":511}}},"0-0-255-3x1-512-767-3x2-0-11-0":{"dataSum":2481,"pixSum":2481,"pixMax":338,"factor":1.0,"meta":{"2":{"dim":2,"start":0,"zmlevel":0,"end":11},"1":{"dim":1,"start":512,"zmlevel":3,"end":767},"0":{"dim":0,"start":0,"zmlevel":3,"end":255}}},"globalMinProj":{"0x1":1},"0-768-1023-3x1-0-255-3x2-0-11-0":{"dataSum":1,"pixSum":1,"pixMax":1,"factor":1.0,"meta":{"2":{"dim":2,"start":0,"zmlevel":0,"end":11},"1":{"dim":1,"start":0,"zmlevel":3,"end":255},"0":{"dim":0,"start":768,"zmlevel":3,"end":1023}}},"0-0-255-3x1-256-511-3x2-0-11-0":{"dataSum":1645168,"pixSum":1645168,"pixMax":10496,"factor":1.0,"meta":{"2":{"dim":2,"start":0,"zmlevel":0,"end":11},"1":{"dim":1,"start":256,"zmlevel":3,"end":511},"0":{"dim":0,"start":0,"zmlevel":3,"end":255}}},"0-256-511-3x1-768-1023-3x2-0-11-0":{"dataSum":45,"pixSum":45,"pixMax":15,"factor":1.0,"meta":{"2":{"dim":2,"start":0,"zmlevel":0,"end":11},"1":{"dim":1,"start":768,"zmlevel":3,"end":1023},"0":{"dim":0,"start":256,"zmlevel":3,"end":511}}},"0-512-767-3x1-256-511-3x2-0-11-0":{"dataSum":506385,"pixSum":506385,"pixMax":2727,"factor":1.0,"meta":{"2":{"dim":2,"start":0,"zmlevel":0,"end":11},"1":{"dim":1,"start":256,"zmlevel":3,"end":511},"0":{"dim":0,"start":512,"zmlevel":3,"end":767}}},"0-512-767-3x1-768-1023-3x2-0-11-0":{"dataSum":60,"pixSum":60,"pixMax":16,"factor":1.0,"meta":{"2":{"dim":2,"start":0,"zmlevel":0,"end":11},"1":{"dim":1,"start":768,"zmlevel":3,"end":1023},"0":{"dim":0,"start":512,"zmlevel":3,"end":767}}},"0-512-767-3x1-512-767-3x2-0-11-0":{"dataSum":10109,"pixSum":10109,"pixMax":376,"factor":1.0,"meta":{"2":{"dim":2,"start":0,"zmlevel":0,"end":11},"1":{"dim":1,"start":512,"zmlevel":3,"end":767},"0":{"dim":0,"start":512,"zmlevel":3,"end":767}}},"0-768-1023-3x1-256-511-3x2-0-11-0":{"dataSum":532247,"pixSum":532247,"pixMax":19931,"factor":1.0,"meta":{"2":{"dim":2,"start":0,"zmlevel":0,"end":11},"1":{"dim":1,"start":256,"zmlevel":3,"end":511},"0":{"dim":0,"start":768,"zmlevel":3,"end":1023}}},"0-0-255-3x1-768-1023-3x2-0-11-0":{"dataSum":0,"pixSum":0,"pixMax":0,"factor":1.0,"meta":{"2":{"dim":2,"start":0,"zmlevel":0,"end":11},"1":{"dim":1,"start":768,"zmlevel":3,"end":1023},"0":{"dim":0,"start":0,"zmlevel":3,"end":255}}},"0-0-255-3x1-0-255-3x2-0-11-0":{"dataSum":45,"pixSum":45,"pixMax":10,"factor":1.0,"meta":{"2":{"dim":2,"start":0,"zmlevel":0,"end":11},"1":{"dim":1,"start":0,"zmlevel":3,"end":255},"0":{"dim":0,"start":0,"zmlevel":3,"end":255}}},"0-256-511-3x1-0-255-3x2-0-11-0":{"dataSum":7,"pixSum":7,"pixMax":2,"factor":1.0,"meta":{"2":{"dim":2,"start":0,"zmlevel":0,"end":11},"1":{"dim":1,"start":0,"zmlevel":3,"end":255},"0":{"dim":0,"start":256,"zmlevel":3,"end":511}}},"0-768-1023-3x1-768-1023-3x2-0-11-0":{"dataSum":0,"pixSum":0,"pixMax":0,"factor":1.0,"meta":{"2":{"dim":2,"start":0,"zmlevel":0,"end":11},"1":{"dim":1,"start":768,"zmlevel":3,"end":1023},"0":{"dim":0,"start":768,"zmlevel":3,"end":1023}}},"0-256-511-3x1-512-767-3x2-0-11-0":{"dataSum":36421,"pixSum":36421,"pixMax":1369,"factor":1.0,"meta":{"2":{"dim":2,"start":0,"zmlevel":0,"end":11},"1":{"dim":1,"start":512,"zmlevel":3,"end":767},"0":{"dim":0,"start":256,"zmlevel":3,"end":511}}},"0-512-767-3x1-0-255-3x2-0-11-0":{"dataSum":2078,"pixSum":2078,"pixMax":142,"factor":1.0,"meta":{"2":{"dim":2,"start":0,"zmlevel":0,"end":11},"1":{"dim":1,"start":0,"zmlevel":3,"end":255},"0":{"dim":0,"start":512,"zmlevel":3,"end":767}}},"globalMaxProj":{"0x1":176988}}